Series,Level,Model,n_exc,n_exp,CoverageRate,LR_uc,p_uc,LR_ind,p_ind,LR_cc,p_cc,ES_Z2,ES_p
BTC-USD,0.99,ARCH(1),0,4.3100,0.0000,8.6634,0.0032,0.0000,1.0000,8.6634,0.0131,-1.0000,0.0280
ETH-USD,0.99,ARCH(1),1,3.1600,0.0032,2.0337,0.1538,0.0064,0.9364,2.0401,0.3606,-0.7116,0.2300
DJIA,0.99,ARCH(1),0,2.7900,0.0000,5.6081,0.0179,0.0000,1.0000,5.6081,0.0606,-1.0000,0.1300
SP500,0.99,ARCH(1),2,2.7900,0.0072,0.2507,0.6166,0.0290,0.8648,0.2797,0.8695,-0.3686,0.6400
GOLD,0.99,ARCH(1),17,2.7900,0.0609,33.7678,0.0000,2.2161,0.1366,35.9839,0.0000,6.5067,0.0000
OIL,0.99,ARCH(1),7,2.7900,0.0251,4.5227,0.0334,0.3617,0.5476,4.8844,0.0870,2.2313,0.0040
Combined (Fisher),0.99,ARCH(1),—,—,—,—,0.0006,—,0.9346,—,0.0180,—,0.0036
BTC-USD,0.99,ARCH-LSTM,4,4.3100,0.0093,0.0231,0.8793,0.0751,0.7840,0.0982,0.9521,-0.0948,0.9900
ETH-USD,0.99,ARCH-LSTM,11,3.1600,0.0348,11.9592,0.0005,0.7962,0.3722,12.7554,0.0017,2.4481,0.0020
DJIA,0.99,ARCH-LSTM,0,2.7900,0.0000,5.6081,0.0179,0.0000,1.0000,5.6081,0.0606,-1.0000,0.1300
SP500,0.99,ARCH-LSTM,3,2.7900,0.0108,0.0156,0.9007,0.0655,0.7981,0.0811,0.9603,-0.0123,0.9420
GOLD,0.99,ARCH-LSTM,17,2.7900,0.0609,33.7678,0.0000,0.0017,0.9668,33.7695,0.0000,6.4197,0.0000
OIL,0.99,ARCH-LSTM,8,2.7900,0.0287,6.5333,0.0106,0.4741,0.4911,7.0074,0.0301,3.0705,0.0000
Combined (Fisher),0.99,ARCH-LSTM,—,—,—,—,0.0003,—,0.9750,—,0.0044,—,0.0340
BTC-USD,0.99,CNN-LSTM,4,4.3100,0.0093,0.0231,0.8793,0.0751,0.7840,0.0982,0.9521,-0.0523,0.9660
ETH-USD,0.99,CNN-LSTM,3,3.1600,0.0095,0.0083,0.9273,0.0577,0.8102,0.0660,0.9675,-0.0441,0.9180
DJIA,0.99,CNN-LSTM,4,2.7900,0.0143,0.4673,0.4942,0.1168,0.7325,0.5841,0.7467,0.2042,0.6920
SP500,0.99,CNN-LSTM,3,2.7900,0.0108,0.0156,0.9007,0.0655,0.7981,0.0811,0.9603,0.0253,0.8860
GOLD,0.99,CNN-LSTM,—,—,—,—,—,—,—,—,—,—,—
OIL,0.99,CNN-LSTM,—,—,—,—,—,—,—,—,—,—,—
Combined (Fisher),0.99,CNN-LSTM,—,—,—,—,0.9802,—,0.9816,—,0.9991,—,0.9965
BTC-USD,0.99,Constant (unconditional variance),1,4.3100,0.0023,3.7237,0.0536,0.0047,0.9456,3.7284,0.1550,-0.7214,0.1300
ETH-USD,0.99,Constant (unconditional variance),2,3.1600,0.0063,0.4946,0.4819,0.0256,0.8730,0.5202,0.7710,-0.4240,0.5040
DJIA,0.99,Constant (unconditional variance),0,2.7900,0.0000,5.6081,0.0179,0.0000,1.0000,5.6081,0.0606,-1.0000,0.1300
SP500,0.99,Constant (unconditional variance),0,2.7900,0.0000,5.6081,0.0179,0.0000,1.0000,5.6081,0.0606,-1.0000,0.1300
GOLD,0.99,Constant (unconditional variance),20,2.7900,0.0717,45.4629,0.0000,3.1039,0.0781,48.5668,0.0000,7.8287,0.0000
OIL,0.99,Constant (unconditional variance),7,2.7900,0.0251,4.5227,0.0334,0.3617,0.5476,4.8844,0.0870,1.8090,0.0140
Combined (Fisher),0.99,Constant (unconditional variance),—,—,—,—,0.0008,—,0.8776,—,0.0261,—,0.0144
BTC-USD,0.99,"EGARCH(1,1)",3,4.3100,0.0070,0.4501,0.5023,0.0422,0.8373,0.4923,0.7818,-0.3736,0.4960
ETH-USD,0.99,"EGARCH(1,1)",5,3.1600,0.0158,0.9195,0.3376,0.1613,0.6880,1.0808,0.5825,0.4826,0.3820
DJIA,0.99,"EGARCH(1,1)",2,2.7900,0.0072,0.2507,0.6166,0.0290,0.8648,0.2797,0.8695,-0.2380,0.8200
SP500,0.99,"EGARCH(1,1)",4,2.7900,0.0143,0.4673,0.4942,0.1168,0.7325,0.5841,0.7467,0.7863,0.2240
GOLD,0.99,"EGARCH(1,1)",5,2.7900,0.0179,1.4317,0.2315,0.1832,0.6687,1.6149,0.4460,1.3801,0.0500
OIL,0.99,"EGARCH(1,1)",6,2.7900,0.0215,2.8061,0.0939,0.2647,0.6069,3.0708,0.2154,0.9971,0.1480
Combined (Fisher),0.99,"EGARCH(1,1)",—,—,—,—,0.3281,—,0.9865,—,0.8494,—,0.1682
BTC-USD,0.99,"FIGARCH(1,d,1)",5,4.3100,0.0116,0.1061,0.7446,0.1176,0.7316,0.2237,0.8942,0.1478,0.6880
ETH-USD,0.99,"FIGARCH(1,d,1)",7,3.1600,0.0222,3.5021,0.0613,0.3182,0.5727,3.8203,0.1481,1.0006,0.1240
DJIA,0.99,"FIGARCH(1,d,1)",4,2.7900,0.0143,0.4673,0.4942,0.1168,0.7325,0.5841,0.7467,0.3664,0.4980
SP500,0.99,"FIGARCH(1,d,1)",4,2.7900,0.0143,0.4673,0.4942,0.1168,0.7325,0.5841,0.7467,0.8369,0.1980
GOLD,0.99,"FIGARCH(1,d,1)",5,2.7900,0.0179,1.4317,0.2315,0.1832,0.6687,1.6149,0.4460,1.4336,0.0420
OIL,0.99,"FIGARCH(1,d,1)",4,2.7900,0.0143,0.4673,0.4942,0.1168,0.7325,0.5841,0.7467,0.2439,0.6420
Combined (Fisher),0.99,"FIGARCH(1,d,1)",—,—,—,—,0.3456,—,0.9748,—,0.8293,—,0.1580
BTC-USD,0.99,"GARCH(1,1)",4,4.3100,0.0093,0.0231,0.8793,0.0751,0.7840,0.0982,0.9521,-0.0535,0.9660
ETH-USD,0.99,"GARCH(1,1)",5,3.1600,0.0158,0.9195,0.3376,0.1613,0.6880,1.0808,0.5825,0.4474,0.3940
DJIA,0.99,"GARCH(1,1)",3,2.7900,0.0108,0.0156,0.9007,0.0655,0.7981,0.0811,0.9603,0.0200,0.8920
SP500,0.99,"GARCH(1,1)",4,2.7900,0.0143,0.4673,0.4942,0.1168,0.7325,0.5841,0.7467,0.8536,0.1980
GOLD,0.99,"GARCH(1,1)",5,2.7900,0.0179,1.4317,0.2315,0.1832,0.6687,1.6149,0.4460,1.3441,0.0640
OIL,0.99,"GARCH(1,1)",4,2.7900,0.0143,0.4673,0.4942,0.1168,0.7325,0.5841,0.7467,0.3352,0.5340
Combined (Fisher),0.99,"GARCH(1,1)",—,—,—,—,0.7545,—,0.9877,—,0.9826,—,0.4336
BTC-USD,0.99,"GJR-GARCH(1,1)",5,4.3100,0.0116,0.1061,0.7446,0.1176,0.7316,0.2237,0.8942,0.2036,0.6000
ETH-USD,0.99,"GJR-GARCH(1,1)",5,3.1600,0.0158,0.9195,0.3376,0.1613,0.6880,1.0808,0.5825,0.4709,0.3840
DJIA,0.99,"GJR-GARCH(1,1)",4,2.7900,0.0143,0.4673,0.4942,0.1168,0.7325,0.5841,0.7467,0.2787,0.5920
SP500,0.99,"GJR-GARCH(1,1)",4,2.7900,0.0143,0.4673,0.4942,0.1168,0.7325,0.5841,0.7467,0.7697,0.2260
GOLD,0.99,"GJR-GARCH(1,1)",6,2.7900,0.0215,2.8061,0.0939,0.2647,0.6069,3.0708,0.2154,1.4833,0.0360
OIL,0.99,"GJR-GARCH(1,1)",6,2.7900,0.0215,2.8061,0.0939,0.2647,0.6069,3.0708,0.2154,1.1768,0.0900
Combined (Fisher),0.99,"GJR-GARCH(1,1)",—,—,—,—,0.2391,—,0.9696,—,0.7355,—,0.1034
BTC-USD,0.99,HAR,1,4.3100,0.0023,3.7237,0.0536,0.0047,0.9456,3.7284,0.1550,-0.7043,0.1320
ETH-USD,0.99,HAR,3,3.1600,0.0095,0.0083,0.9273,0.0577,0.8102,0.0660,0.9675,-0.1557,0.8860
DJIA,0.99,HAR,2,2.7900,0.0072,0.2507,0.6166,0.0290,0.8648,0.2797,0.8695,-0.4293,0.4640
SP500,0.99,HAR,3,2.7900,0.0108,0.0156,0.9007,0.0655,0.7981,0.0811,0.9603,0.2096,0.6860
GOLD,0.99,HAR,7,2.7900,0.0251,4.5227,0.0334,0.3617,0.5476,4.8844,0.0870,2.0740,0.0060
OIL,0.99,HAR,5,2.7900,0.0179,1.4317,0.2315,0.1832,0.6687,1.6149,0.4460,0.6379,0.3080
Combined (Fisher),0.99,HAR,—,—,—,—,0.1532,—,0.9932,—,0.5588,—,0.0845
BTC-USD,0.99,LSTM-Attention,4,4.3100,0.0093,0.0231,0.8793,0.0751,0.7840,0.0982,0.9521,-0.0493,0.9600
ETH-USD,0.99,LSTM-Attention,4,3.1600,0.0127,0.2080,0.6483,0.1029,0.7484,0.3109,0.8560,0.2647,0.5660
DJIA,0.99,LSTM-Attention,0,2.7900,0.0000,5.6081,0.0179,0.0000,1.0000,5.6081,0.0606,-1.0000,0.1300
SP500,0.99,LSTM-Attention,2,2.7900,0.0072,0.2507,0.6166,0.0290,0.8648,0.2797,0.8695,-0.3449,0.6860
GOLD,0.99,LSTM-Attention,—,—,—,—,—,—,—,—,—,—,—
OIL,0.99,LSTM-Attention,—,—,—,—,—,—,—,—,—,—,—
Combined (Fisher),0.99,LSTM-Attention,—,—,—,—,0.2555,—,0.9948,—,0.6141,—,0.6412
BTC-USD,0.99,LSTM-SSE,4,4.3100,0.0093,0.0231,0.8793,0.0751,0.7840,0.0982,0.9521,-0.0732,0.9860
ETH-USD,0.99,LSTM-SSE,4,3.1600,0.0127,0.2080,0.6483,0.1029,0.7484,0.3109,0.8560,0.2026,0.6400
DJIA,0.99,LSTM-SSE,2,2.7900,0.0072,0.2507,0.6166,0.0290,0.8648,0.2797,0.8695,-0.3889,0.5640
SP500,0.99,LSTM-SSE,3,2.7900,0.0108,0.0156,0.9007,0.0655,0.7981,0.0811,0.9603,0.1681,0.7340
GOLD,0.99,LSTM-SSE,—,—,—,—,—,—,—,—,—,—,—
OIL,0.99,LSTM-SSE,—,—,—,—,—,—,—,—,—,—,—
Combined (Fisher),0.99,LSTM-SSE,—,—,—,—,0.9704,—,0.9863,—,0.9993,—,0.9526
BTC-USD,0.99,LSTM-SSE-t-Student,3,4.3100,0.0070,0.4501,0.5023,0.0422,0.8373,0.4923,0.7818,-0.3474,0.5660
ETH-USD,0.99,LSTM-SSE-t-Student,3,3.1600,0.0095,0.0083,0.9273,0.0577,0.8102,0.0660,0.9675,-0.1650,0.8500
DJIA,0.99,LSTM-SSE-t-Student,0,2.7900,0.0000,5.6081,0.0179,0.0000,1.0000,5.6081,0.0606,-1.0000,0.1300
SP500,0.99,LSTM-SSE-t-Student,2,2.7900,0.0072,0.2507,0.6166,0.0290,0.8648,0.2797,0.8695,-0.4365,0.4580
GOLD,0.99,LSTM-SSE-t-Student,17,2.7900,0.0609,33.7678,0.0000,2.2161,0.1366,35.9839,0.0000,6.2530,0.0000
OIL,0.99,LSTM-SSE-t-Student,6,2.7900,0.0215,2.8061,0.0939,0.2647,0.6069,3.0708,0.2154,1.8243,0.0140
Combined (Fisher),0.99,LSTM-SSE-t-Student,—,—,—,—,0.1225,—,0.9137,—,0.4840,—,0.1103
BTC-USD,0.99,"MSGARCH(1,1)",3,4.3100,0.0070,0.4501,0.5023,0.0422,0.8373,0.4923,0.7818,-0.2633,0.6900
ETH-USD,0.99,"MSGARCH(1,1)",1,3.1600,0.0032,2.0337,0.1538,0.0064,0.9364,2.0401,0.3606,-0.7523,0.1180
DJIA,0.99,"MSGARCH(1,1)",5,2.7900,0.0179,1.4317,0.2315,0.1832,0.6687,1.6149,0.4460,0.4990,0.4100
SP500,0.99,"MSGARCH(1,1)",3,2.7900,0.0108,0.0156,0.9007,0.0655,0.7981,0.0811,0.9603,0.0830,0.8080
GOLD,0.99,"MSGARCH(1,1)",—,—,—,—,—,—,—,—,—,—,—
OIL,0.99,"MSGARCH(1,1)",—,—,—,—,—,—,—,—,—,—,—
Combined (Fisher),0.99,"MSGARCH(1,1)",—,—,—,—,0.4088,—,0.9879,—,0.8360,—,0.5125
BTC-USD,0.99,NN-GARCH,10,4.3100,0.0232,5.5292,0.0187,0.4762,0.4901,6.0054,0.0497,1.4488,0.0100
ETH-USD,0.99,NN-GARCH,55,3.1600,0.1741,219.6722,0.0000,0.3708,0.5426,220.0430,0.0000,22.8222,0.0000
DJIA,0.99,NN-GARCH,1,2.7900,0.0036,1.5395,0.2147,0.0072,0.9323,1.5467,0.4615,-0.7113,0.2140
SP500,0.99,NN-GARCH,3,2.7900,0.0108,0.0156,0.9007,0.0655,0.7981,0.0811,0.9603,0.0067,0.9060
GOLD,0.99,NN-GARCH,—,—,—,—,—,—,—,—,—,—,—
OIL,0.99,NN-GARCH,—,—,—,—,—,—,—,—,—,—,—
Combined (Fisher),0.99,NN-GARCH,—,—,—,—,0.0811,—,0.9184,—,0.2664,—,0.0519
BTC-USD,0.99,TCN,4,4.3100,0.0093,0.0231,0.8793,0.0751,0.7840,0.0982,0.9521,-0.0220,0.9320
ETH-USD,0.99,TCN,6,3.1600,0.0190,2.0401,0.1532,0.2330,0.6293,2.2731,0.3209,0.9035,0.1580
DJIA,0.99,TCN,2,2.7900,0.0072,0.2507,0.6166,0.0290,0.8648,0.2797,0.8695,-0.3985,0.5440
SP500,0.99,TCN,2,2.7900,0.0072,0.2507,0.6166,0.0290,0.8648,0.2797,0.8695,-0.3358,0.6960
GOLD,0.99,TCN,—,—,—,—,—,—,—,—,—,—,—
OIL,0.99,TCN,—,—,—,—,—,—,—,—,—,—,—
Combined (Fisher),0.99,TCN,—,—,—,—,0.6536,—,0.9812,—,0.9386,—,0.6726
BTC-USD,0.99,Transformer,4,4.3100,0.0093,0.0231,0.8793,0.0751,0.7840,0.0982,0.9521,-0.0949,0.9900
ETH-USD,0.99,Transformer,6,3.1600,0.0190,2.0401,0.1532,0.2330,0.6293,2.2731,0.3209,0.8798,0.1660
DJIA,0.99,Transformer,1,2.7900,0.0036,1.5395,0.2147,0.0072,0.9323,1.5467,0.4615,-0.7140,0.1940
SP500,0.99,Transformer,2,2.7900,0.0072,0.2507,0.6166,0.0290,0.8648,0.2797,0.8695,-0.3009,0.7400
GOLD,0.99,Transformer,—,—,—,—,—,—,—,—,—,—,—
OIL,0.99,Transformer,—,—,—,—,—,—,—,—,—,—,—
Combined (Fisher),0.99,Transformer,—,—,—,—,0.4283,—,0.9854,—,0.8389,—,0.4844
BTC-USD,0.975,ARCH(1),1,10.7750,0.0023,15.0212,0.0001,0.0047,0.9456,15.0259,0.0005,-0.9139,0.0000
ETH-USD,0.975,ARCH(1),3,7.9000,0.0095,4.0680,0.0437,0.0577,0.8102,4.1257,0.1271,-0.6292,0.0460
DJIA,0.975,ARCH(1),6,6.9750,0.0215,0.1466,0.7018,0.2647,0.6069,0.4113,0.8141,-0.3264,0.4300
SP500,0.975,ARCH(1),3,6.9750,0.0108,2.9455,0.0861,0.0655,0.7981,3.0110,0.2219,-0.5530,0.1180
GOLD,0.975,ARCH(1),24,6.9750,0.0860,26.3531,0.0000,0.7950,0.3726,27.1481,0.0000,3.6749,0.0000
OIL,0.975,ARCH(1),10,6.9750,0.0358,1.1888,0.2756,0.7464,0.3876,1.9352,0.3800,0.9699,0.0240
Combined (Fisher),0.975,ARCH(1),—,—,—,—,0.0003,—,0.9233,—,0.0060,—,0.0120
BTC-USD,0.975,ARCH-LSTM,11,10.7750,0.0255,0.0048,0.9448,0.5776,0.4472,0.5824,0.7474,-0.0175,0.9340
ETH-USD,0.975,ARCH-LSTM,19,7.9000,0.0601,11.5527,0.0007,2.4409,0.1182,13.9936,0.0009,1.5932,0.0000
DJIA,0.975,ARCH-LSTM,9,6.9750,0.0323,0.5532,0.4570,0.6023,0.4377,1.1555,0.5611,0.0885,0.7700
SP500,0.975,ARCH-LSTM,10,6.9750,0.0358,1.1888,0.2756,0.7464,0.3876,1.9352,0.3800,0.2611,0.4740
GOLD,0.975,ARCH-LSTM,25,6.9750,0.0896,28.9988,0.0000,0.0341,0.8534,29.0329,0.0000,3.7166,0.0000
OIL,0.975,ARCH-LSTM,14,6.9750,0.0502,5.6413,0.0175,1.4855,0.2229,7.1268,0.0283,1.7210,0.0000
Combined (Fisher),0.975,ARCH-LSTM,—,—,—,—,0.0027,—,0.3877,—,0.0057,—,0.9052
BTC-USD,0.975,CNN-LSTM,11,10.7750,0.0255,0.0048,0.9448,0.5776,0.4472,0.5824,0.7474,0.0059,0.8920
ETH-USD,0.975,CNN-LSTM,9,7.9000,0.0285,0.1504,0.6981,1.3624,0.2431,1.5128,0.4694,0.1260,0.6800
DJIA,0.975,CNN-LSTM,11,6.9750,0.0394,2.0322,0.1540,0.9066,0.3410,2.9388,0.2301,0.4374,0.2900
SP500,0.975,CNN-LSTM,4,6.9750,0.0143,1.5341,0.2155,0.1168,0.7325,1.6509,0.4380,-0.3679,0.3640
GOLD,0.975,CNN-LSTM,—,—,—,—,—,—,—,—,—,—,—
OIL,0.975,CNN-LSTM,—,—,—,—,—,—,—,—,—,—,—
Combined (Fisher),0.975,CNN-LSTM,—,—,—,—,0.4690,—,0.5139,—,0.5710,—,0.7034
BTC-USD,0.975,Constant (unconditional variance),1,10.7750,0.0023,15.0212,0.0001,0.0047,0.9456,15.0259,0.0005,-0.8591,0.0000
ETH-USD,0.975,Constant (unconditional variance),4,7.9000,0.0127,2.4046,0.1210,0.1029,0.7484,2.5075,0.2854,-0.4952,0.1560
DJIA,0.975,Constant (unconditional variance),0,6.9750,0.0000,14.1273,0.0002,0.0000,1.0000,14.1273,0.0009,-1.0000,0.0020
SP500,0.975,Constant (unconditional variance),2,6.9750,0.0072,5.0437,0.0247,0.0290,0.8648,5.0727,0.0792,-0.7506,0.0140
GOLD,0.975,Constant (unconditional variance),29,6.9750,0.1039,40.4314,0.0000,0.4797,0.4886,40.9111,0.0000,4.5070,0.0000
OIL,0.975,Constant (unconditional variance),10,6.9750,0.0358,1.1888,0.2756,0.8529,0.3557,2.0417,0.3603,0.7676,0.0560
Combined (Fisher),0.975,Constant (unconditional variance),—,—,—,—,0.0000,—,0.9731,—,0.0000,—,0.0002
BTC-USD,0.975,"EGARCH(1,1)",7,10.7750,0.0162,1.5454,0.2138,0.2317,0.6303,1.7771,0.4113,-0.3838,0.2220
ETH-USD,0.975,"EGARCH(1,1)",10,7.9000,0.0316,0.5288,0.4671,1.0299,0.3102,1.5587,0.4587,0.2734,0.4460
DJIA,0.975,"EGARCH(1,1)",8,6.9750,0.0287,0.1476,0.7008,0.4741,0.4911,0.6217,0.7328,0.1010,0.7320
SP500,0.975,"EGARCH(1,1)",6,6.9750,0.0215,0.1466,0.7018,0.2647,0.6069,0.4113,0.8141,0.1325,0.6680
GOLD,0.975,"EGARCH(1,1)",10,6.9750,0.0358,1.1888,0.2756,0.7464,0.3876,1.9352,0.3800,0.8100,0.0440
OIL,0.975,"EGARCH(1,1)",11,6.9750,0.0394,2.0322,0.1540,0.9066,0.3410,2.9388,0.2301,0.5984,0.1380
Combined (Fisher),0.975,"EGARCH(1,1)",—,—,—,—,0.4183,—,0.6394,—,0.6821,—,0.1794
BTC-USD,0.975,"FIGARCH(1,d,1)",14,10.7750,0.0325,0.9060,0.3412,0.5280,0.4674,1.4340,0.4882,0.2643,0.3620
ETH-USD,0.975,"FIGARCH(1,d,1)",11,7.9000,0.0348,1.1140,0.2912,0.7560,0.3846,1.8700,0.3926,0.4196,0.2620
DJIA,0.975,"FIGARCH(1,d,1)",11,6.9750,0.0394,2.0322,0.1540,0.9066,0.3410,2.9388,0.2301,0.4912,0.2200
SP500,0.975,"FIGARCH(1,d,1)",7,6.9750,0.0251,0.0001,0.9924,0.3617,0.5476,0.3618,0.8345,0.2711,0.4540
GOLD,0.975,"FIGARCH(1,d,1)",11,6.9750,0.0394,2.0322,0.1540,0.9066,0.3410,2.9388,0.2301,0.9600,0.0280
OIL,0.975,"FIGARCH(1,d,1)",10,6.9750,0.0358,1.1888,0.2756,0.7464,0.3876,1.9352,0.3800,0.3312,0.3800
Combined (Fisher),0.975,"FIGARCH(1,d,1)",—,—,—,—,0.2586,—,0.5430,—,0.4885,—,0.1039
BTC-USD,0.975,"GARCH(1,1)",11,10.7750,0.0255,0.0048,0.9448,0.5776,0.4472,0.5824,0.7474,0.0237,0.8380
ETH-USD,0.975,"GARCH(1,1)",9,7.9000,0.0285,0.1504,0.6981,1.3624,0.2431,1.5128,0.4694,0.1629,0.6260
DJIA,0.975,"GARCH(1,1)",9,6.9750,0.0323,0.5532,0.4570,0.6023,0.4377,1.1555,0.5611,0.2100,0.5560
SP500,0.975,"GARCH(1,1)",6,6.9750,0.0215,0.1466,0.7018,0.2647,0.6069,0.4113,0.8141,0.1637,0.6300
GOLD,0.975,"GARCH(1,1)",11,6.9750,0.0394,2.0322,0.1540,0.9066,0.3410,2.9388,0.2301,0.9001,0.0320
OIL,0.975,"GARCH(1,1)",11,6.9750,0.0394,2.0322,0.1540,0.9066,0.3410,2.9388,0.2301,0.5262,0.2060
Combined (Fisher),0.975,"GARCH(1,1)",—,—,—,—,0.5644,—,0.4956,—,0.6563,—,0.3384
BTC-USD,0.975,"GJR-GARCH(1,1)",12,10.7750,0.0278,0.1378,0.7104,0.6891,0.4065,0.8269,0.6614,0.1571,0.5400
ETH-USD,0.975,"GJR-GARCH(1,1)",9,7.9000,0.0285,0.1504,0.6981,1.3624,0.2431,1.5128,0.4694,0.1798,0.5980
DJIA,0.975,"GJR-GARCH(1,1)",8,6.9750,0.0287,0.1476,0.7008,0.4741,0.4911,0.6217,0.7328,0.1189,0.6980
SP500,0.975,"GJR-GARCH(1,1)",8,6.9750,0.0287,0.1476,0.7008,0.4741,0.4911,0.6217,0.7328,0.3553,0.3520
GOLD,0.975,"GJR-GARCH(1,1)",10,6.9750,0.0358,1.1888,0.2756,0.7464,0.3876,1.9352,0.3800,0.7415,0.0680
OIL,0.975,"GJR-GARCH(1,1)",11,6.9750,0.0394,2.0322,0.1540,0.9066,0.3410,2.9388,0.2301,0.7067,0.0760
Combined (Fisher),0.975,"GJR-GARCH(1,1)",—,—,—,—,0.6906,—,0.4849,—,0.7485,—,0.2103
BTC-USD,0.975,HAR,4,10.7750,0.0093,5.7312,0.0167,0.0751,0.7840,5.8063,0.0548,-0.6145,0.0220
ETH-USD,0.975,HAR,8,7.9000,0.0253,0.0013,0.9713,1.7646,0.1841,1.7659,0.4136,-0.0757,0.9040
DJIA,0.975,HAR,6,6.9750,0.0215,0.1466,0.7018,0.2647,0.6069,0.4113,0.8141,-0.2105,0.6460
SP500,0.975,HAR,6,6.9750,0.0215,0.1466,0.7018,0.2647,0.6069,0.4113,0.8141,-0.0398,0.9580
GOLD,0.975,HAR,13,6.9750,0.0466,4.2725,0.0387,1.2760,0.2586,5.5485,0.0624,1.2841,0.0040
OIL,0.975,HAR,10,6.9750,0.0358,1.1888,0.2756,0.7464,0.3876,1.9352,0.3800,0.4353,0.2920
Combined (Fisher),0.975,HAR,—,—,—,—,0.0950,—,0.5749,—,0.1968,—,0.0343
BTC-USD,0.975,LSTM-Attention,7,10.7750,0.0162,1.5454,0.2138,0.2317,0.6303,1.7771,0.4113,-0.3039,0.3400
ETH-USD,0.975,LSTM-Attention,10,7.9000,0.0316,0.5288,0.4671,4.6286,0.0314,5.1574,0.0759,0.2574,0.4760
DJIA,0.975,LSTM-Attention,4,6.9750,0.0143,1.5341,0.2155,0.1168,0.7325,1.6509,0.4380,-0.5411,0.1320
SP500,0.975,LSTM-Attention,3,6.9750,0.0108,2.9455,0.0861,0.0655,0.7981,3.0110,0.2219,-0.5414,0.1320
GOLD,0.975,LSTM-Attention,—,—,—,—,—,—,—,—,—,—,—
OIL,0.975,LSTM-Attention,—,—,—,—,—,—,—,—,—,—,—
Combined (Fisher),0.975,LSTM-Attention,—,—,—,—,0.1271,—,0.3492,—,0.1702,—,0.1631
BTC-USD,0.975,LSTM-SSE,11,10.7750,0.0255,0.0048,0.9448,0.5776,0.4472,0.5824,0.7474,-0.0222,0.9480
ETH-USD,0.975,LSTM-SSE,9,7.9000,0.0285,0.1504,0.6981,1.3624,0.2431,1.5128,0.4694,0.1321,0.6680
DJIA,0.975,LSTM-SSE,11,6.9750,0.0394,2.0322,0.1540,0.9066,0.3410,2.9388,0.2301,0.3825,0.3340
SP500,0.975,LSTM-SSE,8,6.9750,0.0287,0.1476,0.7008,0.4741,0.4911,0.6217,0.7328,0.1615,0.6360
GOLD,0.975,LSTM-SSE,—,—,—,—,—,—,—,—,—,—,—
OIL,0.975,LSTM-SSE,—,—,—,—,—,—,—,—,—,—,—
Combined (Fisher),0.975,LSTM-SSE,—,—,—,—,0.7267,—,0.4323,—,0.6858,—,0.8560
BTC-USD,0.975,LSTM-SSE-t-Student,7,10.7750,0.0162,1.5454,0.2138,0.2317,0.6303,1.7771,0.4113,-0.3768,0.2320
ETH-USD,0.975,LSTM-SSE-t-Student,9,7.9000,0.0285,0.1504,0.6981,1.3624,0.2431,1.5128,0.4694,0.0845,0.7600
DJIA,0.975,LSTM-SSE-t-Student,0,6.9750,0.0000,14.1273,0.0002,0.0000,1.0000,14.1273,0.0009,-1.0000,0.0020
SP500,0.975,LSTM-SSE-t-Student,3,6.9750,0.0108,2.9455,0.0861,0.0655,0.7981,3.0110,0.2219,-0.6051,0.0900
GOLD,0.975,LSTM-SSE-t-Student,24,6.9750,0.0860,26.3531,0.0000,0.0030,0.9562,26.3561,0.0000,3.5148,0.0000
OIL,0.975,LSTM-SSE-t-Student,16,6.9750,0.0573,8.8210,0.0030,0.0075,0.9311,8.8285,0.0121,1.6987,0.0000
Combined (Fisher),0.975,LSTM-SSE-t-Student,—,—,—,—,0.0000,—,0.9742,—,0.0012,—,0.0079
BTC-USD,0.975,"MSGARCH(1,1)",5,10.7750,0.0116,3.9511,0.0468,0.1176,0.7316,4.0687,0.1308,-0.4684,0.1160
ETH-USD,0.975,"MSGARCH(1,1)",5,7.9000,0.0158,1.2530,0.2630,0.1613,0.6880,1.4143,0.4930,-0.4268,0.2300
DJIA,0.975,"MSGARCH(1,1)",11,6.9750,0.0394,2.0322,0.1540,0.9066,0.3410,2.9388,0.2301,0.4474,0.2800
SP500,0.975,"MSGARCH(1,1)",11,6.9750,0.0394,2.0322,0.1540,0.5969,0.4398,2.6291,0.2686,0.4729,0.2400
GOLD,0.975,"MSGARCH(1,1)",—,—,—,—,—,—,—,—,—,—,—
OIL,0.975,"MSGARCH(1,1)",—,—,—,—,—,—,—,—,—,—,—
Combined (Fisher),0.975,"MSGARCH(1,1)",—,—,—,—,0.0386,—,0.7395,—,0.1989,—,0.1246
BTC-USD,0.975,NN-GARCH,20,10.7750,0.0464,6.4942,0.0108,1.0476,0.3061,7.5418,0.0230,0.9931,0.0080
ETH-USD,0.975,NN-GARCH,76,7.9000,0.2405,224.2113,0.0000,0.9292,0.3351,225.1405,0.0000,13.3257,0.0000
DJIA,0.975,NN-GARCH,11,6.9750,0.0394,2.0322,0.1540,0.9066,0.3410,2.9388,0.2301,0.3427,0.3640
SP500,0.975,NN-GARCH,9,6.9750,0.0323,0.5532,0.4570,1.1696,0.2795,1.7228,0.4226,0.2071,0.5640
GOLD,0.975,NN-GARCH,—,—,—,—,—,—,—,—,—,—,—
OIL,0.975,NN-GARCH,—,—,—,—,—,—,—,—,—,—,—
Combined (Fisher),0.975,NN-GARCH,—,—,—,—,0.0258,—,0.3212,—,0.0575,—,0.0459
BTC-USD,0.975,TCN,7,10.7750,0.0162,1.5454,0.2138,0.2317,0.6303,1.7771,0.4113,-0.2837,0.3660
ETH-USD,0.975,TCN,12,7.9000,0.0380,1.8879,0.1694,3.2582,0.0711,5.1461,0.0763,0.6042,0.1140
DJIA,0.975,TCN,8,6.9750,0.0287,0.1476,0.7008,0.4741,0.4911,0.6217,0.7328,-0.0120,0.9800
SP500,0.975,TCN,4,6.9750,0.0143,1.5341,0.2155,0.1168,0.7325,1.6509,0.4380,-0.4177,0.2740
GOLD,0.975,TCN,—,—,—,—,—,—,—,—,—,—,—
OIL,0.975,TCN,—,—,—,—,—,—,—,—,—,—,—
Combined (Fisher),0.975,TCN,—,—,—,—,0.2370,—,0.4089,—,0.3260,—,0.3437
BTC-USD,0.975,Transformer,8,10.7750,0.0186,0.8037,0.3700,0.3033,0.5818,1.1070,0.5749,-0.2567,0.4260
ETH-USD,0.975,Transformer,14,7.9000,0.0443,3.9430,0.0471,2.2155,0.1366,6.1585,0.0460,0.7800,0.0580
DJIA,0.975,Transformer,9,6.9750,0.0323,0.5532,0.4570,0.6023,0.4377,1.1555,0.5611,0.0806,0.7940
SP500,0.975,Transformer,4,6.9750,0.0143,1.5341,0.2155,0.1168,0.7325,1.6509,0.4380,-0.3999,0.2960
GOLD,0.975,Transformer,—,—,—,—,—,—,—,—,—,—,—
OIL,0.975,Transformer,—,—,—,—,—,—,—,—,—,—,—
Combined (Fisher),0.975,Transformer,—,—,—,—,0.1213,—,0.5005,—,0.2600,—,0.2448
