,MSE,RMSE,MAE,R2,QLIKE,LL_t_OOS,Delta_MSE,MCS_90
Panel A,--- Panel A ---,—,—,—,—,—,—,—
ARCH(1),2.00740,1.41683,1.01764,-0.5981,0.67303,-1.2020,+51.30\%,Yes
"GARCH(1,1)",1.32676,1.15185,0.70795,-0.0562,0.58989,-1.1537,—,Yes
"EGARCH(1,1)",1.33180,1.15404,0.72673,-0.0602,0.59146,-1.1570,—,Yes
"GJR-GARCH(1,1)",\textbf{1.27924},\textbf{1.13104},0.69498,\textbf{-0.0184},\textbf{0.53541},\textbf{-1.1381},—,Yes
"FIGARCH(1,d,1)",1.30434,1.14208,\textbf{0.68017},-0.0384,0.57223,-1.1548,—,Yes
HAR,1.40238,1.18422,0.76469,-0.1164,0.55637,-1.1594,+5.70\%,Yes
Panel B,--- Panel B ---,—,—,—,—,—,—,—
Panel C,--- Panel C ---,—,—,—,—,—,—,—
