Date,eps
2017-11-10,-7.059114357594121
2017-11-11,4.9469301510621175
2017-11-12,-2.255921010377187
2017-11-13,2.7403694545974338
2017-11-14,6.314734797226117
2017-11-15,-1.3540433453235363
2017-11-16,-0.812598253445097
2017-11-17,0.3631487484542201
2017-11-18,4.396507754215621
2017-11-19,1.8498975603159005
2017-11-20,3.343844989521887
2017-11-21,-1.820939585037652
2017-11-22,5.386750338734527
2017-11-23,7.3875539871016445
2017-11-24,14.576473462766131
2017-11-25,-1.9150491656750237
2017-11-26,0.9979935013695337
2017-11-27,1.8166193058801936
2017-11-28,-1.6438027400304656
2017-11-29,-10.168087036996042
2017-11-30,4.400472759733912
2017-12-01,4.172936705062129
2017-12-02,-0.7448208736046503
2017-12-03,0.4372982699690059
2017-12-04,0.8495750920129413
2017-12-05,-1.5633656843766672
2017-12-06,-7.863846650146567
2017-12-07,1.2687259802598323
2017-12-08,4.777585546620675
2017-12-09,3.6794577326589115
2017-12-10,-7.027847309353713
2017-12-11,15.295165053293104
2017-12-12,23.393982450543653
2017-12-13,7.505312662589684
2017-12-14,-1.0741000326569865
2017-12-15,-1.727334281491543
2017-12-16,1.6236422488903552
2017-12-17,3.276578855273773
2017-12-18,9.787825679572563
2017-12-19,3.8894357976834453
2017-12-20,-1.0202347047585416
2017-12-21,0.16099587148233568
2017-12-22,-19.689537422875322
2017-12-23,6.3093466942904906
2017-12-24,-3.6515071267629864
2017-12-25,9.747942009106264
2017-12-26,0.9593760718424899
2017-12-27,-1.5109843221656696
2017-12-28,-3.5232579610098846
2017-12-29,2.1431181163545387
2017-12-30,-5.021762661959689
2017-12-31,5.277541767969589
2018-01-01,2.0003273367183962
2018-01-02,13.434387319570655
2018-01-03,8.400262972777464
2018-01-04,1.7929575121334123
2018-01-05,1.617891719440245
2018-01-06,4.231669196938271
2018-01-07,10.087907743149186
2018-01-08,-0.48326071945603016
2018-01-09,12.288056105768886
2018-01-10,-3.517632059915098
2018-01-11,-8.454970687416601
2018-01-12,9.669280894059712
2018-01-13,9.157768553258448
2018-01-14,-2.226233048195726
2018-01-15,-5.7121574828043595
2018-01-16,-20.46320709034651
2018-01-17,-3.89495970506332
2018-01-18,2.0687196205738583
2018-01-19,0.19167379665748857
2018-01-20,10.507450987296318
2018-01-21,-9.664097107970713
2018-01-22,-4.593612137644593
2018-01-23,-1.7922189870175866
2018-01-24,7.01832388656104
2018-01-25,-0.3401494392417051
2018-01-26,-0.16154752309236464
2018-01-27,4.721411758936428
2018-01-28,11.742883012389584
2018-01-29,-5.323481165383052
2018-01-30,-9.959904475918723
2018-01-31,4.230371245501275
2018-02-01,-7.64900169194112
2018-02-02,-12.49039130766261
2018-02-03,5.05286070253025
2018-02-04,-14.486094959129526
2018-02-05,-17.970272509770567
2018-02-06,12.702739746616144
2018-02-07,-4.732478556187728
2018-02-08,7.637252060748972
2018-02-09,7.68771626396752
2018-02-10,-2.7690306090723853
2018-02-11,-5.544477668965509
2018-02-12,6.343426309360939
2018-02-13,-2.8164750516944346
2018-02-14,8.77941349443536
2018-02-15,1.36200732718486
2018-02-16,0.6890153431231115
2018-02-17,3.037994760721145
2018-02-18,-5.370355066754401
2018-02-19,2.0555758198109264
2018-02-20,-5.354579775697166
2018-02-21,-5.283667142394114
2018-02-22,-4.546262415089261
2018-02-23,6.0450334852962975
2018-02-24,-2.8577494742536054
2018-02-25,0.42961439238114696
2018-02-26,2.77930143419968
2018-02-27,0.9442052538622184
2018-02-28,-2.7415012947083577
2018-03-01,1.8883822148870608
2018-03-02,-1.8553148747710269
2018-03-03,-0.03667943448252432
2018-03-04,1.016630142138225
2018-03-05,-1.5907147453369146
2018-03-06,-4.478280924627248
2018-03-07,-8.253913175879125
2018-03-08,-6.7016944447856925
2018-03-09,3.3133133223831237
2018-03-10,-6.018512274049842
2018-03-11,5.09030062543324
2018-03-12,-3.383989538528974
2018-03-13,-1.375018601031385
2018-03-14,-11.822147267085013
2018-03-15,-0.567516242431087
2018-03-16,-1.6692693321763725
2018-03-17,-8.55450182938931
2018-03-18,-2.670421806589611
2018-03-19,3.2217598238352374
2018-03-20,0.0005343675373825768
2018-03-21,0.7344719917405801
2018-03-22,-4.080846058365498
2018-03-23,-0.09546014213485221
2018-03-24,-2.5528641347239893
2018-03-25,-0.48970810312561014
2018-03-26,-6.853464346138494
2018-03-27,-8.560082837807512
2018-03-28,-0.9361809532219207
2018-03-29,-14.599065397971152
2018-03-30,2.1431381280305053
2018-03-31,0.37802027793226
2018-04-01,-4.423188178505366
2018-04-02,1.7000489016255622
2018-04-03,7.509105203124992
2018-04-04,-9.203121539388803
2018-04-05,0.6240571159201358
2018-04-06,-3.516833316134823
2018-04-07,3.8984798411655386
2018-04-08,3.787436955911918
2018-04-09,-0.5761773700033967
2018-04-10,3.7879256083601636
2018-04-11,3.778668220547983
2018-04-12,13.454846957483229
2018-04-13,-0.12188228521171132
2018-04-14,1.6787470723470723
2018-04-15,5.772271334488177
2018-04-16,-4.022679188882711
2018-04-17,-1.7078575764109982
2018-04-18,4.1816056219053
2018-04-19,7.812887028919258
2018-04-20,8.006237182668471
2018-04-21,-1.7708711794845073
2018-04-22,2.603300709772806
2018-04-23,3.192573109944537
2018-04-24,9.6424993241172
2018-04-25,-14.116956017090516
2018-04-26,7.3387622052969075
2018-04-27,-2.489195729436365
2018-04-28,5.42905034171235
2018-04-29,0.6780713410242172
2018-04-30,-2.8705011757131236
2018-05-01,0.46906500795480677
2018-05-02,1.909462146466101
2018-05-03,12.535596767153821
2018-05-04,0.6969661001338989
2018-05-05,3.728227413566198
2018-05-06,-3.040822470256137
2018-05-07,-5.072719779008521
2018-05-08,-0.19530385639746078
2018-05-09,-0.15741011006377342
2018-05-10,-3.459537563343819
2018-05-11,-6.862439143796209
2018-05-12,0.8662984060963342
2018-05-13,6.607376140981105
2018-05-14,-0.4826570546127985
2018-05-15,-3.092358458707155
2018-05-16,-0.33729426863137163
2018-05-17,-5.066663869543237
2018-05-18,3.0964343606285625
2018-05-19,0.23094748024216372
2018-05-20,2.588682601081315
2018-05-21,-2.36310392447069
2018-05-22,-7.727808521723758
2018-05-23,-10.510160318287888
2018-05-24,2.98594558557438
2018-05-25,-2.6079599908467186
2018-05-26,0.012939065094530439
2018-05-27,-2.599635006709749
2018-05-28,-10.493042941893844
2018-05-29,9.05348841269088
2018-05-30,-1.1108587821865084
2018-05-31,3.09543196749344
2018-06-01,0.33419765781453925
2018-06-02,1.9279153277397858
2018-06-03,4.303762864104499
2018-06-04,-4.26523527829722
2018-06-05,2.634578024719015
2018-06-06,-0.438334005541023
2018-06-07,-0.39963581685654137
2018-06-08,-0.7615217101725883
2018-06-09,-0.6665812823948686
2018-06-10,-12.744739811761093
2018-06-11,1.204187016167175
2018-06-12,-7.15808406486611
2018-06-13,-4.052327198444303
2018-06-14,8.398018716399607
2018-06-15,-5.768105968585588
2018-06-16,1.663878207338359
2018-06-17,0.08110682475286511
2018-06-18,3.538934499954275
2018-06-19,3.5283964494898297
2018-06-20,-0.3945316373857621
2018-06-21,-1.753812348933911
2018-06-22,-12.490467248293806
2018-06-23,1.771013382802191
2018-06-24,-3.6951766247972055
2018-06-25,0.494661974860259
2018-06-26,-6.248991903359602
2018-06-27,2.112348676235365
2018-06-28,-4.706625164142101
2018-06-29,3.099225895583035
2018-06-30,4.222925097557419
2018-07-01,-0.35771522025813524
2018-07-02,4.5327681875743595
2018-07-03,-2.4541080013270773
2018-07-04,0.5904428595577951
2018-07-05,1.426537567184815
2018-07-06,-0.1644278341356608
2018-07-07,3.575401766421408
2018-07-08,-0.5982425498139314
2018-07-09,-2.65569595052022
2018-07-10,-9.362936122971135
2018-07-11,2.6657896966726473
2018-07-12,-3.8323212809172333
2018-07-13,0.8348677331597106
2018-07-14,0.39319189840257646
2018-07-15,3.027395263323489
2018-07-16,6.5440982676878665
2018-07-17,4.06533581443015
2018-07-18,-4.2556623697291105
2018-07-19,-2.3733368575859575
2018-07-20,-4.192500092829404
2018-07-21,2.490990466611152
2018-07-22,-0.682837825943782
2018-07-23,-2.0140036892794297
2018-07-24,6.053684694066482
2018-07-25,-1.5256800732498665
2018-07-26,-1.8859479778673527
2018-07-27,1.1256722454122865
2018-07-28,-0.6711718269459123
2018-07-29,-0.12999530982522606
2018-07-30,-2.1551856173507282
2018-07-31,-5.292334509137135
2018-08-01,-3.1507107232116582
2018-08-02,-2.0303010103183587
2018-08-03,1.2777726698112315
2018-08-04,-2.747660799340926
2018-08-05,0.7181903799991913
2018-08-06,-1.0243158591501613
2018-08-07,-6.80364255295207
2018-08-08,-6.488648045484855
2018-08-09,2.4055085796532816
2018-08-10,-9.06400526070463
2018-08-11,-3.7569261869211728
2018-08-12,-0.8723731119071048
2018-08-13,-11.00560846710354
2018-08-14,-2.7553804480479025
2018-08-15,1.1428231582654287
2018-08-16,1.9122301142416984
2018-08-17,9.096332167192594
2018-08-18,-6.596089260892238
2018-08-19,1.603372353439476
2018-08-20,-9.308236365916825
2018-08-21,2.663059397139344
2018-08-22,-3.913291201590238
2018-08-23,2.0215769471124627
2018-08-24,2.0136632534519183
2018-08-25,-1.2606603119269015
2018-08-26,-1.6838118142655296
2018-08-27,3.6314764934563213
2018-08-28,3.664031182049977
2018-08-29,-2.5338877363518333
2018-08-30,-1.896259080065461
2018-08-31,-0.46836893093289905
2018-09-01,4.1868821933878255
2018-09-02,-0.40905350608716495
2018-09-03,-1.8319180757983584
2018-09-04,-1.3100494554316418
2018-09-05,-20.76605166976717
2018-09-06,-0.9950199243567792
2018-09-07,-5.898201193220303
2018-09-08,-9.361365448928444
2018-09-09,-0.6002485177522398
2018-09-10,-0.0013996649846634152
2018-09-11,-6.36929362882353
2018-09-12,-1.022004618262556
2018-09-13,14.144045713510716
2018-09-14,0.10663197145411722
2018-09-15,5.13012138752744
2018-09-16,-1.200310247017766
2018-09-17,-10.946653039508018
2018-09-18,5.8552200326165575
2018-09-19,-0.08294187644997392
2018-09-20,6.6520326063000415
2018-09-21,9.262093270498575
2018-09-22,-2.5866583053397005
2018-09-23,1.5082083264420596
2018-09-24,-6.677831464682492
2018-09-25,-4.65341165969019
2018-09-26,-1.303988253785754
2018-09-27,5.613935572630169
2018-09-28,-2.7824230002150845
2018-09-29,3.9875523880994415
2018-09-30,0.4422291358046365
2018-10-01,-0.9773797537807368
2018-10-02,-1.6466631153319045
2018-10-03,-3.070004224307856
2018-10-04,0.7010306086443326
2018-10-05,2.3134407783204987
2018-10-06,-1.1761301673855944
2018-10-07,0.36270657142628626
2018-10-08,1.2972731953301762
2018-10-09,-0.6369074090106096
2018-10-10,-1.055510124455809
2018-10-11,-17.59294166683884
2018-10-12,3.6632509632381893
2018-10-13,1.490427463305624
2018-10-14,-2.1663353339765625
2018-10-15,6.823670032821686
2018-10-16,0.11809987312020269
2018-10-17,-1.5359916274228367
2018-10-18,-1.898193750147048
2018-10-19,0.10416081518299504
2018-10-20,0.7523634218948625
2018-10-21,-0.22036802630684055
2018-10-22,-0.6167512521539469
2018-10-23,0.06292160619005306
2018-10-24,-0.31722122329526814
2018-10-25,-0.6374296712148383
2018-10-26,0.22037896848117206
2018-10-27,0.35227914717448666
2018-10-28,0.4844044486594915
2018-10-29,-4.1137806435969
2018-10-30,0.07645805057086023
2018-10-31,-0.16870193679371925
2018-11-01,0.6724730660537517
2018-11-02,0.8025151332777183
2018-11-03,-0.3041138514355827
2018-11-04,3.501608694861047
2018-11-05,0.6904962657457971
2018-11-06,4.299592496922196
2018-11-07,-0.6626768384426087
2018-11-08,-2.386577915477749
2018-11-09,-1.10162298831536
2018-11-10,1.0836632269354707
2018-11-11,-0.6429885692580096
2018-11-12,-0.5172955182755018
2018-11-13,-1.8018932059567498
2018-11-14,-13.199064909564207
2018-11-15,-0.4064171657693937
2018-11-16,-3.2428515954890544
2018-11-17,-0.7536602032982432
2018-11-18,1.6666326039393407
2018-11-19,-17.220885229233787
2018-11-20,-13.578213713218489
2018-11-21,4.685651862234513
2018-11-22,-7.672742273174266
2018-11-23,-2.8082289695210996
2018-11-24,-8.363873456146493
2018-11-25,2.491118244328643
2018-11-26,-7.303448696814659
2018-11-27,1.4542233909908238
2018-11-28,10.623273160348903
2018-11-29,-4.160436276247185
2018-11-30,-3.8698382693558253
2018-12-01,4.635184272540868
2018-12-02,-1.9919875375459004
2018-12-03,-6.707822287445171
2018-12-04,1.0965106075890254
2018-12-05,-7.360213285743326
2018-12-06,-11.123710292110733
2018-12-07,1.5773078305208381
2018-12-08,-1.304035843594193
2018-12-09,3.104808640380462
2018-12-10,-3.7806003865948754
2018-12-11,-3.1145076425672515
2018-12-12,1.7557842043165905
2018-12-13,-4.658223303415455
2018-12-14,-2.6919324447664312
2018-12-15,0.07697696768352917
2018-12-16,0.8878428351675381
2018-12-17,10.875377706631467
2018-12-18,6.014794147537015
2018-12-19,0.07420490339436338
2018-12-20,13.688108393353062
2018-12-21,-6.036869912742559
2018-12-22,6.342533581778294
2018-12-23,11.2486759938099
2018-12-24,6.913644154159181
2018-12-25,-7.780542517678341
2018-12-26,1.4646283764997337
2018-12-27,-12.404157446082694
2018-12-28,16.534911427193286
2018-12-29,0.1893225180696932
2018-12-30,1.24506298735387
2018-12-31,-4.832464430814872
2019-01-01,5.356337737058411
2019-01-02,9.545361475023261
2019-01-03,-3.968149154818985
2019-01-04,3.507152173628363
2019-01-05,0.6011528237024988
2019-01-06,1.2650004824048229
2019-01-07,-3.988846612081259
2019-01-08,-0.9670535734968713
2019-01-09,0.21443437171517493
2019-01-10,-15.987328629917917
2019-01-11,-0.9208095123303403
2019-01-12,-1.3279860172119842
2019-01-13,-7.551693683343567
2019-01-14,9.824414718394477
2019-01-15,-5.685664228638368
2019-01-16,1.1532232740533097
2019-01-17,0.0775141107572072
2019-01-18,-2.3123548667240046
2019-01-19,2.7782341335022314
2019-01-20,-4.215353569692271
2019-01-21,-2.0384324010739885
2019-01-22,1.2676843327373828
2019-01-23,-1.1765705059457423
2019-01-24,-0.1564975352300713
2019-01-25,-0.9225048590121001
2019-01-26,0.014737105612360121
2019-01-27,-2.7627366319545636
2019-01-28,-6.277936467875207
2019-01-29,-1.0148785530457796
2019-01-30,3.005702238203004
2019-01-31,-1.7901166053262614
2019-02-01,0.4311934102447791
2019-02-02,2.507180053926825
2019-02-03,-2.7762332362808495
2019-02-04,0.22545982273325177
2019-02-05,-0.4313502979196252
2019-02-06,-2.4574722000282367
2019-02-07,-0.446733649242012
2019-02-08,13.104532035707546
2019-02-09,0.05661200596002407
2019-02-10,4.322581702035323
2019-02-11,-2.9311658838872345
2019-02-12,0.964660992353343
2019-02-13,-0.09532338276653295
2019-02-14,-1.033911068892884
2019-02-15,0.503257394987382
2019-02-16,0.8653354081095428
2019-02-17,7.974337250264847
2019-02-18,8.863754373411984
2019-02-19,-0.5962548119982923
2019-02-20,2.774057166811141
2019-02-21,-2.3958155574331186
2019-02-22,1.9263403977217763
2019-02-23,6.224935116213837
2019-02-24,-15.684660330140652
2019-02-25,2.8004629887687513
2019-02-26,-1.3273827932315618
2019-02-27,-1.512344290356547
2019-02-28,0.37455621430276
2019-03-01,-0.3016298369485073
2019-03-02,-1.732921807652553
2019-03-03,-1.5494148701943684
2019-03-04,-3.5226422934594352
2019-03-05,7.49009739958322
2019-03-06,0.6190736368483226
2019-03-07,-0.6254465192482441
2019-03-08,-2.2088807910349537
2019-03-09,1.9986016441284866
2019-03-10,-0.9585293745215406
2019-03-11,-2.2418264475537524
2019-03-12,0.3738234206281385
2019-03-13,-0.9615063192971803
2019-03-14,0.2559212109713727
2019-03-15,2.8531784381635954
2019-03-16,3.2808653077449015
2019-03-17,-1.7781644920516406
2019-03-18,-0.5281837114683132
2019-03-19,0.7378020340763201
2019-03-20,0.03880950555148212
2019-03-21,-3.0012856860403128
2019-03-22,0.3182745180783001
2019-03-23,0.6885119175762734
2019-03-24,-0.990566762590914
2019-03-25,-1.5181718757272396
2019-03-26,0.23737095100114342
2019-03-27,3.9196088686359647
2019-03-28,-1.2011031090641586
2019-03-29,2.1057451739995035
2019-03-30,-0.3645155687147559
2019-03-31,-0.4880968022449919
2019-04-01,0.14312903969611374
2019-04-02,14.420092978191594
2019-04-03,-1.6183922765870455
2019-04-04,-2.2123312016886767
2019-04-05,4.533262885723976
2019-04-06,0.1808007012479208
2019-04-07,4.963560212747042
2019-04-08,3.1486836315277076
2019-04-09,-2.405969524066915
2019-04-10,0.6118993635923293
2019-04-11,-6.990214670711045
2019-04-12,-0.5407818219126505
2019-04-13,-0.21552402236381163
2019-04-14,1.920978702149305
2019-04-15,-3.883877820267907
2019-04-16,3.5954957409768236
2019-04-17,-0.48219251529167795
2019-04-18,3.948620631470429
2019-04-19,-0.14084642445804293
2019-04-20,-0.05542461854687959
2019-04-21,-2.2353489582172488
2019-04-22,0.9892658262824215
2019-04-23,-0.32874566000546973
2019-04-24,-3.414000955749198
2019-04-25,-7.180915371129998
2019-04-26,1.1346440720715447
2019-04-27,1.2464745014238654
2019-04-28,-0.8021303913126379
2019-04-29,-1.419681558993126
2019-04-30,4.309243832375967
2019-05-01,-0.9146048387363864
2019-05-02,0.7277778400424665
2019-05-03,3.45258705173128
2019-05-04,-2.4452946333089205
2019-05-05,-0.43178705601509726
2019-05-06,5.397284112066713
2019-05-07,-1.7472439173066734
2019-05-08,0.5946216721786007
2019-05-09,-0.4662379282729088
2019-05-10,1.5816794552411504
2019-05-11,11.450851291197434
2019-05-12,-3.7379690973685533
2019-05-13,4.877557751456494
2019-05-14,9.73578747306396
2019-05-15,12.862524207546976
2019-05-16,6.517840713845382
2019-05-17,-8.05848509181067
2019-05-18,-3.9142136423706866
2019-05-19,10.6976953051384
2019-05-20,-3.7549241382919756
2019-05-21,1.2418105226571705
2019-05-22,-4.288203646134755
2019-05-23,0.4362646934111881
2019-05-24,1.3405983779341792
2019-05-25,0.8276225087928905
2019-05-26,5.8232919908773
2019-05-27,2.065828069276926
2019-05-28,-0.48179426754514526
2019-05-29,-0.9348194610805651
2019-05-30,-5.257843485026407
2019-05-31,4.598351299670707
2019-06-01,-1.1006181349464499
2019-06-02,1.7250889165606613
2019-06-03,-6.821908953594003
2019-06-04,-4.643765367109084
2019-06-05,2.259232984439645
2019-06-06,0.8960422423412516
2019-06-07,0.501861641350134
2019-06-08,-2.1709905441770574
2019-06-09,-5.365662441990456
2019-06-10,5.92806214648597
2019-06-11,-0.7848411974995496
2019-06-12,5.8904743084047535
2019-06-13,-1.9114014238178203
2019-06-14,2.964298861725936
2019-06-15,1.7702054254821373
2019-06-16,-0.004318030435512016
2019-06-17,1.806710767462587
2019-06-18,-3.528401196009623
2019-06-19,1.5589020526831892
2019-06-20,0.7564082109610252
2019-06-21,8.119024166974103
2019-06-22,4.709934165684427
2019-06-23,-0.5831582576823487
2019-06-24,0.7600016359625118
2019-06-25,2.3706421824857777
2019-06-26,5.61009413076699
2019-06-27,-13.56613361651484
2019-06-28,5.522919583571516
2019-06-29,2.7184578547537885
2019-06-30,-9.702783240196892
2019-07-01,0.9279539846334471
2019-07-02,-0.7788328817262217
2019-07-03,3.7891140680061763
2019-07-04,-6.404860933428871
2019-07-05,1.1336229744340194
2019-07-06,-0.23659441109192003
2019-07-07,6.041853971616104
2019-07-08,2.359922290618672
2019-07-09,-1.4850733566619494
2019-07-10,-6.386799407725024
2019-07-11,-7.707915438446089
2019-07-12,2.6991570794107274
2019-07-13,-2.5788189046770906
2019-07-14,-16.97229763906933
2019-07-15,0.8810821176631332
2019-07-16,-14.365322136349775
2019-07-17,5.910065526090188
2019-07-18,6.808228958922746
2019-07-19,-2.416754379361761
2019-07-20,3.3771427967305523
2019-07-21,-1.61433600260677
2019-07-22,-3.7225945598759225
2019-07-23,-2.325874180323867
2019-07-24,1.9293459305059255
2019-07-25,1.0977845631296845
2019-07-26,-0.0747914603119214
2019-07-27,-5.805395257073453
2019-07-28,1.7251736078700164
2019-07-29,-0.04149595666919061
2019-07-30,-0.4335495811589632
2019-07-31,3.7097442558275278
2019-08-01,-0.46760519772884845
2019-08-02,-0.05110068531068157
2019-08-03,2.0177157783796633
2019-08-04,0.0005136297401879958
2019-08-05,4.9749211928490364
2019-08-06,-3.64140528645986
2019-08-07,0.08364896300013398
2019-08-08,-2.516479986846703
2019-08-09,-4.926744196914112
2019-08-10,-1.8803042087556368
2019-08-11,4.347676205099711
2019-08-12,-2.3286566122163985
2019-08-13,-1.308209795173112
2019-08-14,-11.273316235418767
2019-08-15,0.9299369292110055
2019-08-16,-1.7177917247722352
2019-08-17,0.053354858690173354
2019-08-18,4.553197326036148
2019-08-19,4.2459068694491755
2019-08-20,-3.3464267161295216
2019-08-21,-5.126711903732722
2019-08-22,2.2685199987906617
2019-08-23,1.6676078725253625
2019-08-24,-1.8504247086887915
2019-08-25,-2.4323681339693617
2019-08-26,1.0307082413770232
2019-08-27,-0.830638464584818
2019-08-28,-7.624575881703284
2019-08-29,-2.6271846469494924
2019-08-30,-0.483133000609891
2019-08-31,2.050015720487627
2019-09-01,-0.5685216325319404
2019-09-02,3.759462574379467
2019-09-03,0.5637621759937821
2019-09-04,-2.0528661047470336
2019-09-05,-1.0941970089283188
2019-09-06,-2.5562576084371145
2019-09-07,4.69164441287108
2019-09-08,1.6400720326366653
2019-09-09,-0.1937708660191978
2019-09-10,-0.834945733487753
2019-09-11,-0.6723473436726052
2019-09-12,1.1934102284534334
2019-09-13,-0.02836848953684338
2019-09-14,3.7099197999625475
2019-09-15,0.8109740238779182
2019-09-16,3.7063687104181704
2019-09-17,5.588164520022309
2019-09-18,1.2457858455364625
2019-09-19,4.4912807350877895
2019-09-20,-1.5508892312990255
2019-09-21,-1.2489301609689138
2019-09-22,-1.9397353303490545
2019-09-23,-4.7362253809417965
2019-09-24,-18.405596823821462
2019-09-25,1.5612201294445802
2019-09-26,-2.547815544339825
2019-09-27,4.597387888137736
2019-09-28,-0.15915891688758133
2019-09-29,-2.4387454561482125
2019-09-30,5.2690153421787835
2019-10-01,-1.4976245265812103
2019-10-02,1.802439096957803
2019-10-03,-3.177273051054604
2019-10-04,0.9339784062354951
2019-10-05,-0.4386515931332111
2019-10-06,-1.9646640331307965
2019-10-07,4.509181622379698
2019-10-08,0.37983524358999254
2019-10-09,5.928257880287824
2019-10-10,-0.9288060664645792
2019-10-11,-4.939007696046757
2019-10-12,-1.0393923340444933
2019-10-13,0.6079915519805605
2019-10-14,2.5679243485435728
2019-10-15,-3.0962346017244826
2019-10-16,-3.0978048988608866
2019-10-17,1.0581305854997853
2019-10-18,-2.5866889698294777
2019-10-19,-0.48887734923075665
2019-10-20,1.4245401656037264
2019-10-21,-0.43013104066316266
2019-10-22,-1.5893052193978665
2019-10-23,-5.996332279110495
2019-10-24,-0.22441531494101102
2019-10-25,11.194651242732204
2019-10-26,-1.0141871785375907
2019-10-27,2.340807615711529
2019-10-28,-0.9410188810855685
2019-10-29,4.038279688620166
2019-10-30,-3.0935773064368965
2019-10-31,-0.4735322295840228
2019-11-01,-0.07846127758072187
2019-11-02,-0.10409318150766694
2019-11-03,-0.8993538145363107
2019-11-04,2.0514481735910604
2019-11-05,1.489979477279683
2019-11-06,1.1221856621171464
2019-11-07,-1.9861303032028843
2019-11-08,-2.103359327270843
2019-11-09,0.3625854117707478
2019-11-10,2.2957294264614934
2019-11-11,-2.2070880087853264
2019-11-12,0.6471095312871911
2019-11-13,0.6745614701657835
2019-11-14,-1.287339239743647
2019-11-15,-3.0697384214091255
2019-11-16,1.473904604378704
2019-11-17,0.8811389415082246
2019-11-18,-2.573998051471404
2019-11-19,-1.8141546840675666
2019-11-20,-1.0752349593231871
2019-11-21,-8.529508768671247
2019-11-22,-7.265356456448672
2019-11-23,1.9942519286493636
2019-11-24,-7.227758333477664
2019-11-25,2.4376409473078358
2019-11-26,1.6045855668794462
2019-11-27,2.599427946715419
2019-11-28,-0.9286985386062578
2019-11-29,2.256395409823406
2019-11-30,-1.8761448895552817
2019-12-01,-0.9716517788993664
2019-12-02,-1.4966604520431452
2019-12-03,-0.8226272424092799
2019-12-04,-0.9003493739351754
2019-12-05,1.6100148264478094
2019-12-06,-0.11663511113871983
2019-12-07,-0.3662119349418784
2019-12-08,1.5841551928295758
2019-12-09,-2.1099669173119233
2019-12-10,-1.4099329746637124
2019-12-11,-1.9147429236369067
2019-12-12,1.3002470919317537
2019-12-13,-0.5338800284182544
2019-12-14,-1.5223655970302938
2019-12-15,0.09178964930885648
2019-12-16,-6.94939586321288
2019-12-17,-8.6797301269452
2019-12-18,8.128253867821316
2019-12-19,-2.9544118721596506
2019-12-20,-0.27751975736538603
2019-12-21,-0.8072321350781859
2019-12-22,3.1766433198610278
2019-12-23,-2.9604431305048258
2019-12-24,0.26903852074924767
2019-12-25,-2.1224696236708342
2019-12-26,-0.15397774685209692
2019-12-27,0.5930053307400807
2019-12-28,0.7871980751226978
2019-12-29,4.813139643632867
2019-12-30,-1.6691654065779271
2019-12-31,-2.385381150814245
2020-01-01,0.83474188879557
2020-01-02,-2.707389192003446
2020-01-03,5.090795078713987
2020-01-04,0.5867309186823235
2020-01-05,0.8098700012667361
2020-01-06,5.643450356464958
2020-01-07,-0.6082488971344797
2020-01-08,-1.685338621625431
2020-01-09,-1.7065435236265554
2020-01-10,3.443662530315194
2020-01-11,-0.8027725004803911
2020-01-12,1.9607210515613998
2020-01-13,-1.215792955972531
2020-01-14,13.953238104540498
2020-01-15,0.08568969369202432
2020-01-16,-1.1929487130757912
2020-01-17,3.732734078282077
2020-01-18,2.5696686113099094
2020-01-19,-4.986091349888779
2020-01-20,0.01011568158918573
2020-01-21,1.449945076521109
2020-01-22,-0.9102821915701326
2020-01-23,-3.320236848641624
2020-01-24,-0.004847209194667412
2020-01-25,-1.1698526869678534
2020-01-26,4.045564544218867
2020-01-27,1.6035734905568972
2020-01-28,3.0525723685218034
2020-01-29,-0.8313054246991828
2020-01-30,5.280694918884477
2020-01-31,-2.563580789420039
2020-02-01,1.8515092450895831
2020-02-02,2.5758396242667563
2020-02-03,0.5791498417857053
2020-02-04,-0.40423934591073196
2020-02-05,7.5375160884087675
2020-02-06,3.8135663938568136
2020-02-07,4.695735988660547
2020-02-08,0.10852054639498286
2020-02-09,2.325063179236797
2020-02-10,-2.316778046057355
2020-02-11,5.288729780029164
2020-02-12,11.725934252766942
2020-02-13,0.9295224681830435
2020-02-14,5.758177699822338
2020-02-15,-7.183551030242141
2020-02-16,-1.9229244412301765
2020-02-17,2.378427810813233
2020-02-18,5.604807164992032
2020-02-19,-8.273787547185018
2020-02-20,-0.7810539245789865
2020-02-21,2.8429266572244614
2020-02-22,-1.3184692193619933
2020-02-23,4.181982275926392
2020-02-24,-3.248501667286989
2020-02-25,-6.865402138185179
2020-02-26,-9.437451259781337
2020-02-27,0.3942990212635098
2020-02-28,-0.0769428766085276
2020-02-29,-3.175645073553594
2020-03-01,-0.4802050790154359
2020-03-02,5.081529910971587
2020-03-03,-2.7569363662000894
2020-03-04,-0.06299823579637934
2020-03-05,2.013589034455619
2020-03-06,5.952760116430177
2020-03-07,-2.436841394570249
2020-03-08,-17.069726676851168
2020-03-09,0.5642498865805913
2020-03-10,-0.6854559904332403
2020-03-11,-3.0621898300890003
2020-03-12,-55.153253037418
2020-03-13,16.947119701352314
2020-03-14,-7.799689932823007
2020-03-15,1.4556644891723245
2020-03-16,-12.485428250406724
2020-03-17,2.8922144228236784
2020-03-18,0.7062713544035444
2020-03-19,17.26515666795798
2020-03-20,-2.9441772864313993
2020-03-21,-0.018665613243539998
2020-03-22,-7.499396232507155
2020-03-23,8.902706347393293
2020-03-24,2.7335650224960424
2020-03-25,-1.9462781532694593
2020-03-26,1.4975216569659617
2020-03-27,-3.3294446815068945
2020-03-28,-2.3083129894750667
2020-03-29,-4.292229208441388
2020-03-30,5.585761907892933
2020-03-31,0.43701876031767173
2020-04-01,1.4361256813842542
2020-04-02,4.52673401262906
2020-04-03,-0.036319533335822815
2020-04-04,2.097498363334192
2020-04-05,-1.2386383521127085
2020-04-06,16.3241583691622
2020-04-07,-2.4940073876544138
2020-04-08,4.385466190787701
2020-04-09,-1.1484252223745015
2020-04-10,-7.613385105122281
2020-04-11,-0.20415241313299892
2020-04-12,1.7526511976806245
2020-04-13,-3.1442960262575563
2020-04-14,0.759005217745424
2020-04-15,-2.852675501207658
2020-04-16,11.529696581493875
2020-04-17,-0.3818851236349241
2020-04-18,8.445685047116317
2020-04-19,-2.9560572342871927
2020-04-20,-5.346893756447667
2020-04-21,0.17527915432362673
2020-04-22,5.472060808663248
2020-04-23,1.241434453553031
2020-04-24,2.168829320758484
2020-04-25,3.1838001392489015
2020-04-26,0.8374838782854622
2020-04-27,-0.1271302524571373
2020-04-28,0.521820598236746
2020-04-29,8.858739379549062
2020-04-30,-4.49286996151635
2020-05-01,3.057551116649501
2020-05-02,0.435015806451976
2020-05-03,-2.140979411797664
2020-05-04,-1.3967728679975853
2020-05-05,-0.7546770875718302
2020-05-06,-1.4035706739889544
2020-05-07,3.8756297036481806
2020-05-08,0.25013329868666806
2020-05-09,-0.735510185527537
2020-05-10,-11.587303597496131
2020-05-11,-1.514887145025404
2020-05-12,1.7320330835775668
2020-05-13,5.007574976974162
2020-05-14,1.7878780663416378
2020-05-15,-3.7568351684465484
2020-05-16,2.47088546116566
2020-05-17,3.0987069800723335
2020-05-18,3.4140626493330135
2020-05-19,-0.5819506900900391
2020-05-20,-1.6640509208852745
2020-05-21,-5.063365437883013
2020-05-22,3.49997863029332
2020-05-23,0.6534380112655571
2020-05-24,-3.1572337830581017
2020-05-25,1.3668308256208261
2020-05-26,-1.758531395410809
2020-05-27,3.3095842652717224
2020-05-28,5.042053748736759
2020-05-29,0.29888755358277747
2020-05-30,9.287240689924841
2020-05-31,-4.885303305401698
2020-06-01,6.624164537070973
2020-06-02,-4.117176563745818
2020-06-03,2.811809444263521
2020-06-04,0.021054150659084447
2020-06-05,-1.3997384739027925
2020-06-06,0.21354899024042606
2020-06-07,1.2485965613344627
2020-06-08,0.38490998570428775
2020-06-09,-0.6494580238110907
2020-06-10,0.9490601576798531
2020-06-11,-6.653396161546128
2020-06-12,2.388330339561724
2020-06-13,0.5142253829510125
2020-06-14,-2.107169228868739
2020-06-15,-1.8841782958500402
2020-06-16,1.8527074636654153
2020-06-17,-0.6739022749796756
2020-06-18,-0.4787246716141912
2020-06-19,-2.24150817092357
2020-06-20,0.8559107931281863
2020-06-21,-0.20421630137229474
2020-06-22,5.666021279679708
2020-06-23,0.5811296479530514
2020-06-24,-3.5684236412073895
2020-06-25,-1.2867799409352796
2020-06-26,-1.496598109021769
2020-06-27,-3.0444315359482936
2020-06-28,0.9849940086081944
2020-06-29,1.1756988520068887
2020-06-30,-0.9072898500923194
2020-07-01,2.0179948068947766
2020-07-02,-0.8276178305270439
2020-07-03,-1.8414740391123179
2020-07-04,1.5425563609601465
2020-07-05,-0.6972892525446502
2020-07-06,5.823754037455817
2020-07-07,-1.0933060303148014
2020-07-08,3.0471147518182633
2020-07-09,-1.57251288912401
2020-07-10,-0.9193279497393928
2020-07-11,-0.7156646958382237
2020-07-12,1.0302231004220277
2020-07-13,-1.1292576945768953
2020-07-14,0.17289469731242035
2020-07-15,-0.8271916525452433
2020-07-16,-2.10641324916244
2020-07-17,-0.4521939463453949
2020-07-18,1.0777277437103439
2020-07-19,1.1874022727903897
2020-07-20,-1.063715109520819
2020-07-21,3.604507110054184
2020-07-22,6.694463088532464
2020-07-23,4.576708199516481
2020-07-24,1.5543070947512452
2020-07-25,8.443000539121977
2020-07-26,1.7406819529435231
2020-07-27,3.6818600900449985
2020-07-28,-1.6022202454164185
2020-07-29,0.40307101376904453
2020-07-30,4.9443593459532
2020-07-31,3.1454183206508435
2020-08-01,10.78103053475507
2020-08-02,-3.924588026274161
2020-08-03,4.048414384133168
2020-08-04,0.8424884735716335
2020-08-05,2.880488851074397
2020-08-06,-1.7444471522274334
2020-08-07,-4.070175290416466
2020-08-08,3.662960446523954
2020-08-09,-0.8104052464770422
2020-08-10,1.1313902261895694
2020-08-11,-4.074961522867215
2020-08-12,2.6787150864676614
2020-08-13,9.128469112418433
2020-08-14,1.9187502616659486
2020-08-15,-1.008685951081436
2020-08-16,0.019490256118921162
2020-08-17,-1.0659045484270209
2020-08-18,-1.4542059072343756
2020-08-19,-4.22591996441376
2020-08-20,2.3446287754972013
2020-08-21,-6.863859354008444
2020-08-22,1.629295559569503
2020-08-23,-1.2108178539802892
2020-08-24,4.112931622871537
2020-08-25,-6.177606433867933
2020-08-26,0.5598178699489488
2020-08-27,-1.0769669785068339
2020-08-28,3.322153364803681
2020-08-29,0.9369780084037703
2020-08-30,6.797834114309129
2020-08-31,1.4681192459270276
2020-09-01,9.129519502698486
2020-09-02,-8.155933743615275
2020-09-03,-13.268044602578229
2020-09-04,0.5838778929443574
2020-09-05,-14.752089209369295
2020-09-06,5.178645517481267
2020-09-07,-0.2751911380040538
2020-09-08,-4.447544675351448
2020-09-09,3.8430805245074127
2020-09-10,4.645940067252255
2020-09-11,1.6953345073876385
2020-09-12,3.198300659738004
2020-09-13,-5.824070907685598
2020-09-14,3.069950350143664
2020-09-15,-3.4302159497430704
2020-09-16,0.1862820066634998
2020-09-17,6.070765711767421
2020-09-18,-1.2838147711166323
2020-09-19,0.22640981471872867
2020-09-20,-3.9112636428339647
2020-09-21,-8.296020674500857
2020-09-22,0.7117496489109919
2020-09-23,-7.110071925303736
2020-09-24,8.34861312471501
2020-09-25,0.7260584686218978
2020-09-26,0.85393233291673
2020-09-27,0.4670783135954448
2020-09-28,-0.719735584890018
2020-09-29,1.2062317980308255
2020-09-30,-0.029923826364754942
2020-10-01,-1.9681030296300415
2020-10-02,-2.0722902393657496
2020-10-03,0.001673237948937284
2020-10-04,1.652737041414029
2020-10-05,0.3099309809955896
2020-10-06,-3.863329948850125
2020-10-07,0.21079825720535417
2020-10-08,2.506786632450661
2020-10-09,4.059328150157308
2020-10-10,1.3800102155370644
2020-10-11,1.038929135607359
2020-10-12,3.2206910814924905
2020-10-13,-1.7813316665737156
2020-10-14,-0.5288194121617502
2020-10-15,-0.6196851977475928
2020-10-16,-3.09584284455379
2020-10-17,0.6346506723664233
2020-10-18,2.425242640344838
2020-10-19,0.37416612404633837
2020-10-20,-2.9634989073259597
2020-10-21,5.977797512894599
2020-10-22,5.277033409134507
2020-10-23,-1.0530295298751315
2020-10-24,0.5744696383151258
2020-10-25,-1.604482246378429
2020-10-26,-3.1622809181201577
2020-10-27,2.4539383196553293
2020-10-28,-3.952719422606947
2020-10-29,-0.5754889305392035
2020-10-30,-1.096298258664472
2020-10-31,0.8999927997824436
2020-11-01,2.415196420705724
2020-11-02,-3.4674952296078816
2020-11-03,1.0734555563189128
2020-11-04,3.602498336252999
2020-11-05,2.8422604916027767
2020-11-06,9.285087014720594
2020-11-07,-4.3497011526382865
2020-11-08,3.9331188424159826
2020-11-09,-2.172510359746591
2020-11-10,1.1542864520311993
2020-11-11,2.8305650761962293
2020-11-12,-0.503311659325313
2020-11-13,2.8317758717383397
2020-11-14,-3.1776648703474635
2020-11-15,-2.8544409082512012
2020-11-16,2.6487372575434365
2020-11-17,4.263848132430689
2020-11-18,-0.26260981431904407
2020-11-19,-1.7315761734130117
2020-11-20,7.6913270272012575
2020-11-21,7.427390885145346
2020-11-22,1.4695790347163946
2020-11-23,8.56395686539542
2020-11-24,-0.8317244795493819
2020-11-25,-5.736543168650929
2020-11-26,-9.612039942491096
2020-11-27,-0.33240737460704806
2020-11-28,3.84874380542872
2020-11-29,6.6601143735399635
2020-11-30,6.487786664451381
2020-12-01,-4.6590076448486855
2020-12-02,1.780212268252875
2020-12-03,2.9416263497063784
2020-12-04,-8.069492778580912
2020-12-05,4.593576075802166
2020-12-06,0.8066218300638477
2020-12-07,-1.7665006492551854
2020-12-08,-6.538511096972097
2020-12-09,3.2263030699735866
2020-12-10,-2.5159763407135105
2020-12-11,-2.5915570666723116
2020-12-12,4.00711623024634
2020-12-13,3.5631027282429306
2020-12-14,-0.7013476716931786
2020-12-15,0.48900846309355905
2020-12-16,7.565390125354137
2020-12-17,0.9655709494701313
2020-12-18,1.7606404771587363
2020-12-19,0.6026617251586828
2020-12-20,-3.3182256756935042
2020-12-21,-4.6434475764437035
2020-12-22,3.943421861065322
2020-12-23,-8.478396824661225
2020-12-24,4.587725935180879
2020-12-25,2.3115238620867284
2020-12-26,1.413335646711298
2020-12-27,7.022988855321044
2020-12-28,6.68168460524511
2020-12-29,0.07352823028073226
2020-12-30,2.6303948814876814
2020-12-31,-1.9352875401101761
2021-01-01,-1.0930282144451187
2021-01-02,5.791412239223016
2021-01-03,22.98944424489615
2021-01-04,6.344120632263458
2021-01-05,5.5070184385240895
2021-01-06,9.211436614957249
2021-01-07,1.4462574648890258
2021-01-08,-0.20097927782488018
2021-01-09,4.461531888587224
2021-01-10,-1.5608896482630679
2021-01-11,-14.738294941457573
2021-01-12,-4.459411188853168
2021-01-13,7.9553207254410285
2021-01-14,7.390949994508536
2021-01-15,-3.9812259865481585
2021-01-16,5.051480002220021
2021-01-17,-0.35327304567126044
2021-01-18,2.0995312688962455
2021-01-19,9.037100408482866
2021-01-20,0.2807134182611828
2021-01-21,-20.980047799270295
2021-01-22,9.676358136592988
2021-01-23,-0.527625514710829
2021-01-24,12.1840902989545
2021-01-25,-5.02909900088808
2021-01-26,2.3547714781129
2021-01-27,-8.042997219421897
2021-01-28,6.056021409194311
2021-01-29,3.605816522436919
2021-01-30,-0.5446093000353253
2021-01-31,-4.62392699993404
2021-02-01,3.948318704471939
2021-02-02,10.06323664288178
2021-02-03,9.10212825189513
2021-02-04,-4.144121328404977
2021-02-05,7.401387896345294
2021-02-06,-2.482909110838507
2021-02-07,-3.9455402803440363
2021-02-08,7.802319576783902
2021-02-09,1.138732135173204
2021-02-10,-1.4348681612023062
2021-02-11,2.162311304199449
2021-02-12,3.2138047551387525
2021-02-13,-1.6889490960515
2021-02-14,-0.578851344544374
2021-02-15,-1.4912023161019463
2021-02-16,-0.00838306241871388
2021-02-17,3.6338221376503195
2021-02-18,4.6219571356632105
2021-02-19,1.0855489973119257
2021-02-20,-2.174685703776404
2021-02-21,0.753464610026619
2021-02-22,-8.348634153585305
2021-02-23,-12.732760832072497
2021-02-24,3.4470676699200835
2021-02-25,-9.814279924335958
2021-02-26,-2.111134808386718
2021-02-27,0.8792831649387894
2021-02-28,-3.1348263925567386
2021-03-01,9.902764548946784
2021-03-02,-4.797434484906414
2021-03-03,5.347058347052346
2021-03-04,-2.2572893609690374
2021-03-05,-0.6419500735248274
2021-03-06,7.543807679875425
2021-03-07,3.971058501192039
2021-03-08,6.193918199194461
2021-03-09,1.7197502159115556
2021-03-10,-3.8371896692555847
2021-03-11,1.4110382729193678
2021-03-12,-3.0868676499045202
2021-03-13,8.179510423556565
2021-03-14,-3.7913518742361916
2021-03-15,-3.5284436002538797
2021-03-16,0.7685462872675277
2021-03-17,0.8276756555608131
2021-03-18,-2.331466666816689
2021-03-19,1.851337770842365
2021-03-20,-0.35496292021403303
2021-03-21,-1.43631206618479
2021-03-22,-5.650228609227419
2021-03-23,-0.8328357775932386
2021-03-24,-5.291223241913833
2021-03-25,0.041962092288047634
2021-03-26,6.439890963801531
2021-03-27,0.7184774250801529
2021-03-28,-1.5554442696846085
2021-03-29,7.233203908088321
2021-03-30,1.357522609176372
2021-03-31,3.7631554984287257
2021-04-01,2.9448057522043123
2021-04-02,7.979061826146996
2021-04-03,-5.5854373780923
2021-04-04,3.0597938117650245
2021-04-05,0.6228220782342734
2021-04-06,0.4164220615080859
2021-04-07,-7.287168475624836
2021-04-08,5.710038974335782
2021-04-09,-0.8715319435858334
2021-04-10,2.954017102047021
2021-04-11,0.9314283943610239
2021-04-12,-0.9320115369730413
2021-04-13,7.1251545515153465
2021-04-14,5.663317634206755
2021-04-15,3.311747477855198
2021-04-16,-3.6016937457357865
2021-04-17,-3.725213260613652
2021-04-18,-4.784451287713963
2021-04-19,-3.302841987770246
2021-04-20,7.218873458850634
2021-04-21,1.3913449654269885
2021-04-22,1.5466817996803779
2021-04-23,-1.7561387749992556
2021-04-24,-6.725295008547052
2021-04-25,4.533862341345653
2021-04-26,8.932108724592519
2021-04-27,4.86127579216844
2021-04-28,3.008024169021352
2021-04-29,0.3013986680742228
2021-04-30,0.5105136626252559
2021-05-01,5.9606726549870865
2021-05-02,0.12892051883983024
2021-05-03,14.957416717426584
2021-05-04,-5.390655859876614
2021-05-05,7.867946330509204
2021-05-06,-0.9898186712212762
2021-05-07,-0.2564465809801953
2021-05-08,11.246415450051412
2021-05-09,0.5889411880669518
2021-05-10,0.5149949483180524
2021-05-11,5.25075751732075
2021-05-12,-9.713523305189806
2021-05-13,-1.9652224142182713
2021-05-14,9.264650552314205
2021-05-15,-11.519907848785357
2021-05-16,-1.4811137909010295
2021-05-17,-8.968390597898669
2021-05-18,2.852149002585599
2021-05-19,-31.82598170362298
2021-05-20,12.275621275629604
2021-05-21,-13.66482756671117
2021-05-22,-5.7907473219294845
2021-05-23,-8.535222231269161
2021-05-24,22.484866114290593
2021-05-25,2.2764883422351248
2021-05-26,6.4301433382779924
2021-05-27,-5.493138257925793
2021-05-28,-12.37475252265609
2021-05-29,-6.056725369175951
2021-05-30,4.665802937981454
2021-05-31,12.654987536409763
2021-06-01,-3.125188416029435
2021-06-02,2.639622292398089
2021-06-03,5.279762916656244
2021-06-04,-6.104693449436293
2021-06-05,-2.2467599273375014
2021-06-06,3.082215956434761
2021-06-07,-4.786742421334964
2021-06-08,-2.931826840341248
2021-06-09,3.4643260033535053
2021-06-10,-5.4654075926013785
2021-06-11,-4.961576003507295
2021-06-12,0.7119091334379484
2021-06-13,5.490329940327038
2021-06-14,1.0890927695401245
2021-06-15,2.75748193654266
2021-06-16,-9.8606223042703
2021-06-17,0.1029882761030403
2021-06-18,-6.175660825046226
2021-06-19,-2.494315109516663
2021-06-20,2.987622767673348
2021-06-21,-17.435885096938343
2021-06-22,-0.7973823202535681
2021-06-23,5.861931351220487
2021-06-24,-0.14443096095375874
2021-06-25,-9.305662202750442
2021-06-26,0.799661476267599
2021-06-27,7.783747206239934
2021-06-28,4.886398312887737
2021-06-29,3.7459868619336905
2021-06-30,5.051653441887365
2021-07-01,-7.418672310785144
2021-07-02,1.6290549592742727
2021-07-03,3.3970215403052695
2021-07-04,4.125169847366965
2021-07-05,-5.5298008466971895
2021-07-06,5.496852575390467
2021-07-07,-0.49033369805645666
2021-07-08,-8.885186587452676
2021-07-09,1.1698918436097225
2021-07-10,-1.737609473342658
2021-07-11,1.2495469559440946
2021-07-12,-5.010876964974132
2021-07-13,-4.9410719279226925
2021-07-14,2.6776755990925762
2021-07-15,-4.339101108344197
2021-07-16,-1.7043922915770158
2021-07-17,0.8959145424697845
2021-07-18,-0.2526008808907543
2021-07-19,-4.2960911796816665
2021-07-20,-1.732681054567833
2021-07-21,10.699757989679188
2021-07-22,1.6246665158634672
2021-07-23,4.719606287428821
2021-07-24,2.9077285701724933
2021-07-25,0.018311206716693507
2021-07-26,1.818074737093163
2021-07-27,2.7873329275794125
2021-07-28,-0.15790817213095465
2021-07-29,3.529563351205175
2021-07-30,3.468399650005131
2021-07-31,2.688283742234343
2021-08-01,0.9258842390936523
2021-08-02,1.7877722213070715
2021-08-03,-4.297961532864897
2021-08-04,8.429800145541504
2021-08-05,3.620269048986402
2021-08-06,2.144909378874282
2021-08-07,8.731477230623875
2021-08-08,-4.73192261850884
2021-08-09,4.9074896462011095
2021-08-10,-0.9094626836452554
2021-08-11,0.635248942516877
2021-08-12,-3.9735291755910755
2021-08-13,8.684992785845559
2021-08-14,-1.803596828124109
2021-08-15,1.2904157486267689
2021-08-16,-4.843444034922773
2021-08-17,-4.67188884027096
2021-08-18,0.09370605387461124
2021-08-19,5.164320110457363
2021-08-20,3.1424256978908405
2021-08-21,-1.9487385311966647
2021-08-22,0.41562426983757467
2021-08-23,2.2714231618803944
2021-08-24,-4.603570141561538
2021-08-25,1.55997490598569
2021-08-26,-4.0200381230862945
2021-08-27,5.266583511411775
2021-08-28,-0.8843038056704723
2021-08-29,-0.6178497882615376
2021-08-30,-0.16156259680886909
2021-08-31,6.210821787658699
2021-09-01,10.967591949812496
2021-09-02,-1.229820676811219
2021-09-03,3.7908755385807558
2021-09-04,-1.4286782734146166
2021-09-05,1.5604042609490485
2021-09-06,-0.6829384567673746
2021-09-07,-13.751927958069974
2021-09-08,1.968631773358741
2021-09-09,-2.1011895085681638
2021-09-10,-6.5845320094370825
2021-09-11,1.7334291114144975
2021-09-12,4.107593320255516
2021-09-13,-3.803011202702168
2021-09-14,4.199495470003244
2021-09-15,5.205111663282614
2021-09-16,-1.3042591909823462
2021-09-17,-5.038345984678806
2021-09-18,0.9002150357192854
2021-09-19,-3.114277950528107
2021-09-20,-11.87581647468889
2021-09-21,-6.881504996933358
2021-09-22,10.660145464985863
2021-09-23,2.4116556849777715
2021-09-24,-7.438330339274432
2021-09-25,-0.2884881855383556
2021-09-26,4.486632130471987
2021-09-27,-4.354172358477895
2021-09-28,-4.499284492343365
2021-09-29,1.5398548744136746
2021-09-30,4.994969476512292
2021-10-01,9.62249183690861
2021-10-02,2.4331325355604396
2021-10-03,0.703011960556062
2021-10-04,-1.2059219907484524
2021-10-05,3.9337175877990624
2021-10-06,1.6678952177146953
2021-10-07,0.12673745184853524
2021-10-08,-0.7572757733355718
2021-10-09,0.25489076236145797
2021-10-10,-4.361601670414882
2021-10-11,3.3486799986014337
2021-10-12,-1.5800018401932971
2021-10-13,3.1215476962701008
2021-10-14,4.785795964263167
2021-10-15,1.9234952923230357
2021-10-16,-0.9185760915666521
2021-10-17,0.3555440813823965
2021-10-18,-2.669638558245514
2021-10-19,3.3003553783070525
2021-10-20,6.852088017138275
2021-10-21,-2.5568321422532856
2021-10-22,-2.1772536652642276
2021-10-23,4.870219991318408
2021-10-24,-2.1083538200550054
2021-10-25,3.049897995710367
2021-10-26,-2.1588484570223505
2021-10-27,-5.064009767432025
2021-10-28,8.615587313367229
2021-10-29,2.8488086218992685
2021-10-30,-2.1188711234004596
2021-10-31,-0.9525562869576519
2021-11-01,0.7687364403043668
2021-11-02,5.761955905209364
2021-11-03,0.40719466260540926
2021-11-04,-1.6082289214576597
2021-11-05,-1.212260599793182
2021-11-06,0.7045297264092034
2021-11-07,2.085225002237742
2021-11-08,3.981541469220053
2021-11-09,-1.6935481220681192
2021-11-10,-2.1907527868281087
2021-11-11,1.9316129843125711
2021-11-12,-1.4266070343856279
2021-11-13,-0.41606991429020973
2021-11-14,-0.6211890786685543
2021-11-15,-1.5795843032475134
2021-11-16,-7.860243319495084
2021-11-17,1.5951453558839852
2021-11-18,-7.006939708535069
2021-11-19,7.096328647114168
2021-11-20,2.4837150438941134
2021-11-21,-3.3108589206139105
2021-11-22,-4.4184237474411345
2021-11-23,5.90816832950554
2021-11-24,-2.4292187317887564
2021-11-25,0.7364342321144063
2021-11-26,-5.953291570716069
2021-11-27,1.5440866500679704
2021-11-28,4.629000028893102
2021-11-29,3.367836704704956
2021-11-30,4.0271983484476275
2021-12-01,-1.0452956294918425
2021-12-02,-1.7439014988672734
2021-12-03,-6.738421915957019
2021-12-04,-2.505019885801064
2021-12-05,1.8131301385557814
2021-12-06,3.6696518625241845
2021-12-07,-1.087161047912924
2021-12-08,2.7597382131993684
2021-12-09,-7.5502055450319165
2021-12-10,-5.3456599557329
2021-12-11,4.323421029599445
2021-12-12,1.1366611936366364
2021-12-13,-8.931426341890793
2021-12-14,-1.1103159498292385
2021-12-15,6.95409930567442
2021-12-16,-1.4814281748348643
2021-12-17,-2.1965467598592587
2021-12-18,1.9957595830310566
2021-12-19,-1.0509192363158062
2021-12-20,0.20636062512100606
2021-12-21,2.092860551490367
2021-12-22,-1.033814589768902
2021-12-23,3.0330088820964463
2021-12-24,-1.5522171988381024
2021-12-25,1.0327353655256548
2021-12-26,-0.7161333403553016
2021-12-27,-0.8149610293940388
2021-12-28,-6.120220974795816
2021-12-29,-4.720875650714996
2021-12-30,2.244075339823723
2021-12-31,-0.9242478586688906
2022-01-01,2.2565911467952375
2022-01-02,1.4955785289745913
2022-01-03,-1.8765980969002387
2022-01-04,0.7849003847456628
2022-01-05,-6.71799857752692
2022-01-06,-3.8682382688165595
2022-01-07,-6.894897047547166
2022-01-08,-3.3018320370977325
2022-01-09,2.0250138708205183
2022-01-10,-2.472609580161741
2022-01-11,4.825462195310007
2022-01-12,3.9791540492748245
2022-01-13,-3.8255160318176564
2022-01-14,1.8019580292667043
2022-01-15,0.5382260702954119
2022-01-16,0.5303028800113077
2022-01-17,-4.304755439001479
2022-01-18,-1.594451569990384
2022-01-19,-2.2591054859044846
2022-01-20,-3.186992442915801
2022-01-21,-16.05873988892155
2022-01-22,-6.237454165201033
2022-01-23,5.178303570154511
2022-01-24,-3.886742069924348
2022-01-25,0.556436939490968
2022-01-26,0.41120178058191315
2022-01-27,-1.9214213272305996
2022-01-28,4.914460018981118
2022-01-29,1.8636434244966138
2022-01-30,0.1653506775669054
2022-01-31,3.1256507665554514
2022-02-01,3.7098229350244267
2022-02-02,-4.071978845063276
2022-02-03,-0.21776591385382016
2022-02-04,10.682117044660453
2022-02-05,0.9556112232230901
2022-02-06,1.3305838802514802
2022-02-07,2.661878882166412
2022-02-08,-0.7141369326529011
2022-02-09,3.593619038886196
2022-02-10,-5.209473145606968
2022-02-11,-5.080353846505994
2022-02-12,-0.4229767449680901
2022-02-13,-1.2488707881552816
2022-02-14,1.6396171684000596
2022-02-15,7.985270027658684
2022-02-16,-1.7303867029061843
2022-02-17,-8.28355628269104
2022-02-18,-3.4596434519638897
2022-02-19,-0.8739074979061994
2022-02-20,-5.090176023504437
2022-02-21,-2.188091302625225
2022-02-22,2.432299939489204
2022-02-23,-1.9517542868780207
2022-02-24,0.21702586453898776
2022-02-25,6.130413346411078
2022-02-26,0.5177314781502943
2022-02-27,-5.978979302000093
2022-02-28,10.664744578336167
2022-03-01,1.728754532222512
2022-03-02,-0.8353818083474694
2022-03-03,-4.079147849022047
2022-03-04,-8.056716828330815
2022-03-05,1.7251640691683106
2022-03-06,-4.287460472689499
2022-03-07,-2.3468799530294033
2022-03-08,3.032835056517359
2022-03-09,5.689352869321217
2022-03-10,-4.642079653759276
2022-03-11,-1.956652305480965
2022-03-12,0.5116731212375062
2022-03-13,-2.2714844167827906
2022-03-14,2.7285799901866543
2022-03-15,1.0504068221506142
2022-03-16,5.555693781128643
2022-03-17,1.4520621582536368
2022-03-18,4.451392823700838
2022-03-19,-0.04904930861554972
2022-03-20,-3.0354183545801927
2022-03-21,1.222978848656701
2022-03-22,2.480209815419846
2022-03-23,1.849832084720575
2022-03-24,2.428384954723869
2022-03-25,-0.12483117906801108
2022-03-26,1.0882047948123699
2022-03-27,4.533149426974515
2022-03-28,1.2794909459164954
2022-03-29,1.8596448530609915
2022-03-30,-0.5760122654148375
2022-03-31,-3.1857198770652775
2022-04-01,4.909949487335687
2022-04-02,-0.21041001647678997
2022-04-03,2.152372445695159
2022-04-04,-0.12528786294381036
2022-04-05,-3.237652346699522
2022-04-06,-7.377342765299567
2022-04-07,1.842949699362568
2022-04-08,-1.3625381959288339
2022-04-09,2.0843191556063587
2022-04-10,-1.6263248612864132
2022-04-11,-7.537681601442577
2022-04-12,1.5609730167011795
2022-04-13,2.781452391692833
2022-04-14,-3.2876115820577283
2022-04-15,0.6131326150526353
2022-04-16,0.6209893906098995
2022-04-17,-2.3559444216853773
2022-04-18,2.0420721437640235
2022-04-19,1.429262581622683
2022-04-20,-0.9329219203628069
2022-04-21,-3.056778728171033
2022-04-22,-0.8409632331694953
2022-04-23,-0.9854518514987675
2022-04-24,-0.6049646933806191
2022-04-25,2.8418771884806833
2022-04-26,-6.996064126284063
2022-04-27,2.7506569726605212
2022-04-28,1.56816658242892
2022-04-29,-4.299329770482127
2022-04-30,-3.160679106858482
2022-05-01,3.431269442114379
2022-05-02,0.9631472836866831
2022-05-03,-2.70159260627925
2022-05-04,5.412746136974738
2022-05-05,-6.811491729271822
2022-05-06,-2.072483912936132
2022-05-07,-2.2893568482616984
2022-05-08,-4.68482487775348
2022-05-09,-11.515400112784441
2022-05-10,4.195221320402449
2022-05-11,-12.388425622251676
2022-05-12,-5.555531494094098
2022-05-13,2.571741075194489
2022-05-14,1.976435893529769
2022-05-15,4.177264493087808
2022-05-16,-5.982370619413528
2022-05-17,3.2112957073749997
2022-05-18,-8.757854546675278
2022-05-19,5.089064534670123
2022-05-20,-2.9458775901642738
2022-05-21,0.5908178456136238
2022-05-22,3.3377342827419487
2022-05-23,-3.616290556287494
2022-05-24,0.2641697170833364
2022-05-25,-1.8210275833086431
2022-05-26,-7.601588928302706
2022-05-27,-4.5576838093242555
2022-05-28,1.8160564943941788
2022-05-29,2.9503855076227468
2022-05-30,9.611713228413016
2022-05-31,-2.8279769105221497
2022-06-01,-6.389228762075421
2022-06-02,0.4984897815140008
2022-06-03,-3.3537513890771966
2022-06-04,1.4034932742420665
2022-06-05,0.11929174334697674
2022-06-06,2.871959751620098
2022-06-07,-2.543430547712365
2022-06-08,-1.2152475844329267
2022-06-09,-0.2891660552402915
2022-06-10,-7.306873252789137
2022-06-11,-8.56035315346343
2022-06-12,-5.758935802442691
2022-06-13,-18.292670760357595
2022-06-14,0.5059626290305405
2022-06-15,1.6823171549839324
2022-06-16,-14.48828430084119
2022-06-17,1.6642918344101199
2022-06-18,-9.016361050129264
2022-06-19,12.572434547105816
2022-06-20,-0.08132355323244096
2022-06-21,-0.33028187794707514
2022-06-22,-6.82844707925798
2022-06-23,8.305046287243176
2022-06-24,6.9650159746082885
2022-06-25,1.2640883773337752
2022-06-26,-3.6506799560046908
2022-06-27,-0.594052570675259
2022-06-28,-4.280523602930371
2022-06-29,-4.1488285658462605
2022-06-30,-3.0019369677666203
2022-07-01,-0.7882395718467498
2022-07-02,0.5544102689113338
2022-07-03,0.5977932958142684
2022-07-04,6.870867637225267
2022-07-05,-1.5255068392938225
2022-07-06,4.4378246427930925
2022-07-07,4.0960677103838705
2022-07-08,-1.30664259557601
2022-07-09,-0.5332861726311049
2022-07-10,-4.153507561582682
2022-07-11,-6.364264528611411
2022-07-12,-5.611519644960447
2022-07-13,6.930529020479343
2022-07-14,6.684777897161713
2022-07-15,3.351913271771049
2022-07-16,9.169248178139659
2022-07-17,-1.1198025926005628
2022-07-18,16.416128003771806
2022-07-19,-2.3701332190247277
2022-07-20,-1.5670945179647733
2022-07-21,3.5722315510384846
2022-07-22,-2.607021481005118
2022-07-23,0.690477775184904
2022-07-24,3.1074124118298276
2022-07-25,-10.21026592538764
2022-07-26,-0.32783940224192837
2022-07-27,12.569863447709896
2022-07-28,5.230116795653381
2022-07-29,0.03222444922014002
2022-07-30,-1.916767321218086
2022-07-31,-0.9358769116212853
2022-08-01,-2.873479433234819
2022-08-02,-0.21779403558398558
2022-08-03,-0.9455023813135665
2022-08-04,-0.7412794295928975
2022-08-05,7.350387859992118
2022-08-06,-2.451544489617833
2022-08-07,0.37363659129452026
2022-08-08,4.304404868278109
2022-08-09,-4.2485839375469725
2022-08-10,8.292030017058657
2022-08-11,1.4994724031253126
2022-08-12,3.881513838081902
2022-08-13,1.1432236471208874
2022-08-14,-2.353426741897965
2022-08-15,-1.776219126942032
2022-08-16,-1.4595933894492
2022-08-17,-2.5128625703542746
2022-08-18,0.6812375418345966
2022-08-19,-13.627978910190082
2022-08-20,-2.33620074580821
2022-08-21,2.5678177661521238
2022-08-22,0.11653225641708186
2022-08-23,2.3712257241990473
2022-08-24,-0.4241143761737961
2022-08-25,2.2696722988997893
2022-08-26,-11.870251172833656
2022-08-27,-1.1729101753210383
2022-08-28,-4.245558065658663
2022-08-29,8.135466725542468
2022-08-30,-1.978066143590187
2022-08-31,1.8595979805428655
2022-09-01,1.9896291420136698
2022-09-02,-0.6463257715431753
2022-09-03,-1.378576390636325
2022-09-04,1.2451170830022813
2022-09-05,2.395402620454751
2022-09-06,-3.568062454533225
2022-09-07,4.191573672818892
2022-09-08,0.2532056264491735
2022-09-09,4.913623175394042
2022-09-10,3.1885133445539777
2022-09-11,-0.8943098985426381
2022-09-12,-2.8443972363179832
2022-09-13,-8.157020811755682
2022-09-14,3.2768728428858838
2022-09-15,-10.58799696558037
2022-09-16,-2.782985548770406
2022-09-17,2.4901187007716574
2022-09-18,-9.670967758999783
2022-09-19,3.0321736805760415
2022-09-20,-4.015048483756964
2022-09-21,-5.652378249455874
2022-09-22,5.740479538136903
2022-09-23,-0.0364522345635933
2022-09-24,-0.855989923219446
2022-09-25,-1.9005406504028735
2022-09-26,3.046459742649057
2022-09-27,-0.4696950868996145
2022-09-28,0.46598439280963855
2022-09-29,-0.21165393216849587
2022-09-30,-0.6562641207005151
2022-10-01,-1.3177127206134194
2022-10-02,-2.827894805848434
2022-10-03,3.5629560375875675
2022-10-04,2.801254917046708
2022-10-05,-0.7643946044598666
2022-10-06,-0.16347049615313952
2022-10-07,-1.5101243227345742
2022-10-08,-1.365320464410358
2022-10-09,0.4584728918425649
2022-10-10,-2.4724878309532548
2022-10-11,-0.9950877157147252
2022-10-12,1.110908064418574
2022-10-13,-0.6052359761117132
2022-10-14,0.639170415130993
2022-10-15,-1.8334547711494575
2022-10-16,2.354979849383434
2022-10-17,1.846963037878429
2022-10-18,-1.6899021063464208
2022-10-19,-1.983135989240036
2022-10-20,-0.2780848876092648
2022-10-21,1.2164573745265108
2022-10-22,1.0179763542562952
2022-10-23,3.59116896924963
2022-10-24,-1.4423930353820522
2022-10-25,8.238276367062076
2022-10-26,6.85091171088272
2022-10-27,-3.4684432405072454
2022-10-28,2.597931446148681
2022-10-29,3.965639282460269
2022-10-30,-1.881424665163788
2022-10-31,-1.2224245820595951
2022-11-01,0.3633981549139662
2022-11-02,-3.951794130856153
2022-11-03,0.6953413598676905
2022-11-04,7.07214578155119
2022-11-05,-1.1265315253979031
2022-11-06,-3.563539938827639
2022-11-07,-0.3120834968529468
2022-11-08,-16.367006624805157
2022-11-09,-19.264493641859634
2022-11-10,16.56870152786326
2022-11-11,-1.026743482446237
2022-11-12,-2.59371284633299
2022-11-13,-2.780922257059316
2022-11-14,1.526259833905926
2022-11-15,0.7326474015929991
2022-11-16,-3.0092468200517035
2022-11-17,-1.3045499343675753
2022-11-18,0.8723678883061113
2022-11-19,0.4240073806631177
2022-11-20,-6.517159564521001
2022-11-21,-3.111530693807769
2022-11-22,2.310952827033666
2022-11-23,4.0636025949161425
2022-11-24,1.661228715116934
2022-11-25,-0.5010066489398217
2022-11-26,0.49976135470755156
2022-11-27,-0.9772845389736304
2022-11-28,-2.1975797598749662
2022-11-29,3.842947237684963
2022-11-30,6.193383912576802
2022-12-01,-1.589823951767015
2022-12-02,1.322696884775323
2022-12-03,-4.097622334036442
2022-12-04,2.8462577758756336
2022-12-05,-1.7006160102755976
2022-12-06,0.8662331635090785
2022-12-07,-3.212513566201812
2022-12-08,3.7937130743048484
2022-12-09,-1.4026040635445947
2022-12-10,0.08583524038353203
2022-12-11,-0.2789224974342644
2022-12-12,0.7669258973668303
2022-12-13,3.4599594852408995
2022-12-14,-0.9333902817051454
2022-12-15,-3.417356449525566
2022-12-16,-8.142765044269082
2022-12-17,1.608135034525139
2022-12-18,-0.3695455180523833
2022-12-19,-1.5344395663470298
2022-12-20,4.120720682905829
2022-12-21,-0.4176458443497638
2022-12-22,0.29677737434618257
2022-12-23,0.08210496939243926
2022-12-24,0.0009546108060190378
2022-12-25,-0.2592938126425258
2022-12-26,0.5750780166012663
2022-12-27,-1.242722865374433
2022-12-28,-1.9784004807315327
2022-12-29,0.8907721813109882
2022-12-30,-0.27688987765535367
2022-12-31,-0.28554982208383645
2023-01-01,0.26971862394553686
2023-01-02,1.0535359705016512
2023-01-03,-0.07001933183106436
2023-01-04,3.2988460477946377
2023-01-05,-0.5657674584609581
2023-01-06,1.423267158595925
2023-01-07,-0.4833427747840238
2023-01-08,1.7297246940251503
2023-01-09,2.5402915804644155
2023-01-10,1.0520938250399712
2023-01-11,3.6895969339195562
2023-01-12,2.058785098047269
2023-01-13,2.26718126611024
2023-01-14,6.5233471940592604
2023-01-15,0.03416412438672872
2023-01-16,1.4764607964687713
2023-01-17,-0.651675922335956
2023-01-18,-3.4753524860667726
2023-01-19,2.335214374247536
2023-01-20,6.596576364475146
2023-01-21,-2.065982321927058
2023-01-22,-0.00243061440330275
2023-01-23,-0.08812263427106162
2023-01-24,-4.580059513424329
2023-01-25,3.3988913429169405
2023-01-26,-0.6154200476370928
2023-01-27,-0.3892983402557329
2023-01-28,-1.7026149805164665
2023-01-29,4.501645697147589
2023-01-30,-4.987211473057634
2023-01-31,1.138053286109155
2023-02-01,3.34353377133335
2023-02-02,0.008130629674393722
2023-02-03,1.220067327746954
2023-02-04,0.05880096930555874
2023-02-05,-2.2272661007857986
2023-02-06,-1.0283192135071852
2023-02-07,3.311500689906683
2023-02-08,-1.3613802533775423
2023-02-09,-6.605603037175703
2023-02-10,-2.142609925384272
2023-02-11,1.5605009474706186
2023-02-12,-1.7097964718648
2023-02-13,-0.6007468245242841
2023-02-14,3.1648903316435977
2023-02-15,7.158273926316614
2023-02-16,-2.112752087611894
2023-02-17,3.2016637432936252
2023-02-18,-0.25511352844769175
2023-02-19,-0.6957055011606554
2023-02-20,1.1751573865749536
2023-02-21,-2.7367433962751018
2023-02-22,-0.9769938072024126
2023-02-23,0.3960264175855814
2023-02-24,-2.7003468421727193
2023-02-25,-0.9203609389010446
2023-02-26,2.7573195248294544
2023-02-27,-0.47644180971733097
2023-02-28,-1.8350206305390169
2023-03-01,3.4401861177060677
2023-03-02,-1.0535434159582424
2023-03-03,-4.940481911712824
2023-03-04,-0.2231645753068563
2023-03-05,-0.23689071512055165
2023-03-06,0.10702584772504424
2023-03-07,-0.42939167801297495
2023-03-08,-1.8788775766796082
2023-03-09,-6.502436397892914
2023-03-10,-0.7427927826210101
2023-03-11,3.5922263713005944
2023-03-12,6.93089031364056
2023-03-13,5.425863835888661
2023-03-14,1.2910646507627
2023-03-15,-2.8975827894741366
2023-03-16,1.1820090984232285
2023-03-17,6.566724813359783
2023-03-18,-1.8147413861592123
2023-03-19,1.268420917817166
2023-03-20,-2.9349562887110996
2023-03-21,3.954223292632152
2023-03-22,-3.9764176953503654
2023-03-23,4.348636336879152
2023-03-24,-3.6876579969018417
2023-03-25,-0.5537912310442211
2023-03-26,1.7334398622771852
2023-03-27,-3.5300667252020994
2023-03-28,3.2069591792484684
2023-03-29,1.0538309380815232
2023-03-30,-0.09483982087739518
2023-03-31,1.5402534655848732
2023-04-01,-0.5290212326435557
2023-04-02,-1.0858840703295443
2023-04-03,0.7290754002549978
2023-04-04,3.2184014929589244
2023-04-05,1.936269319020098
2023-04-06,-1.993995131174717
2023-04-07,-0.4698817212441212
2023-04-08,-0.948851612067497
2023-04-09,0.4532174295266045
2023-04-10,2.668716181454944
2023-04-11,-1.0801309600250035
2023-04-12,1.4144883435050988
2023-04-13,4.596344673381421
2023-04-14,4.247043195462207
2023-04-15,-0.5172981187849761
2023-04-16,1.2274410410662622
2023-04-17,-2.1659667180456785
2023-04-18,1.2734899964918014
2023-04-19,-8.406408817238244
2023-04-20,0.26502863259899306
2023-04-21,-4.989864312886909
2023-04-22,1.221082188934949
2023-04-23,-0.7313485976476841
2023-04-24,-1.1222206739655973
2023-04-25,1.2137064200308072
2023-04-26,-0.09022797181432231
2023-04-27,2.1567429292137485
2023-04-28,-0.9362942887052411
2023-04-29,0.7829795860802016
2023-04-30,-1.7702412779287762
2023-05-01,-2.50516097605843
2023-05-02,2.01760323630436
2023-05-03,1.7138021365769784
2023-05-04,-1.5050217425913457
2023-05-05,5.982398822992354
2023-05-06,-4.9504752176692035
2023-05-07,-1.5189182321829127
2023-05-08,-1.371494889717446
2023-05-09,-0.10385460415086205
2023-05-10,-0.4161208225584642
2023-05-11,-2.6035568913511917
2023-05-12,0.5596317586475171
2023-05-13,-0.7407060568503983
2023-05-14,0.16382343286496626
2023-05-15,0.8623667023422246
2023-05-16,0.2808292707530056
2023-05-17,-0.20415176812669225
2023-05-18,-1.1912044168692284
2023-05-19,0.520919631374597
2023-05-20,0.35418589898212127
2023-05-21,-0.9598975126577922
2023-05-22,0.6379354975918573
2023-05-23,1.926888166501162
2023-05-24,-3.0509321359401502
2023-05-25,0.24458455707656795
2023-05-26,1.1710073943841834
2023-05-27,0.052638101218132324
2023-05-28,4.185410612913094
2023-05-29,-1.0178402922935526
2023-05-30,0.338913360489687
2023-05-31,-1.5050033671011023
2023-06-01,-0.7186256564800096
2023-06-02,2.3105738737456583
2023-06-03,-0.8614199492265491
2023-06-04,-0.18047321371471586
2023-06-05,-4.331281407070628
2023-06-06,3.8522542461166163
2023-06-07,-2.883620171604301
2023-06-08,0.6759470089318832
2023-06-09,-0.409747500477787
2023-06-10,-4.971116922275216
2023-06-11,-0.021289357855238646
2023-06-12,-0.702893663965858
2023-06-13,-0.2806257511100611
2023-06-14,-5.304268410552903
2023-06-15,0.8246507715859909
2023-06-16,2.944764358519758
2023-06-17,0.531750608794367
2023-06-18,-0.46447626569923417
2023-06-19,0.9078263617036813
2023-06-20,3.005943835084881
2023-06-21,5.290953789044724
2023-06-22,-1.0399397978884
2023-06-23,0.9778227958393076
2023-06-24,-0.9717118905271775
2023-06-25,1.214576537614085
2023-06-26,-2.2649479560523402
2023-06-27,1.5347554692024552
2023-06-28,-3.4013942478338093
2023-06-29,1.2381358297450131
2023-06-30,4.198130805441662
2023-07-01,-0.5271294139208571
2023-07-02,0.5865432998383573
2023-07-03,0.8421781276116084
2023-07-04,-1.043883948387298
2023-07-05,-1.4340911422393132
2023-07-06,-3.3763514690953045
2023-07-07,1.1011479226667604
2023-07-08,-0.35110642978890694
2023-07-09,-0.2157767688673588
2023-07-10,0.8573568593184362
2023-07-11,-0.19821649492664783
2023-07-12,-0.41189462565468954
2023-07-13,6.852869234419981
2023-07-14,-3.4847073837257136
2023-07-15,-0.48725424509959775
2023-07-16,-0.48393747807369275
2023-07-17,-0.707707171031312
2023-07-18,-0.8175968426185926
2023-07-19,-0.5338528616519504
2023-07-20,0.023688208457361096
2023-07-21,-0.021344978284397978
2023-07-22,-1.5263524319098323
2023-07-23,1.2134196266920785
2023-07-24,-2.176306511193617
2023-07-25,0.3374193903753894
2023-07-26,0.6930269717509697
2023-07-27,-0.712508376507459
2023-07-28,0.6903295574324927
2023-07-29,0.2566782265711391
2023-07-30,-1.1181077578531706
2023-07-31,-0.3749541306839793
2023-08-01,0.7584429767922802
2023-08-02,-1.8426375635206396
2023-08-03,-0.29526674569399236
2023-08-04,-0.4854239702197375
2023-08-05,0.3171710447810229
2023-08-06,-0.49105434631555434
2023-08-07,-0.10871226057582717
2023-08-08,1.487725364131449
2023-08-09,-0.1614653392209539
2023-08-10,-0.2713953474770471
2023-08-11,-0.2763549885174916
2023-08-12,0.015456855695988037
2023-08-13,-0.6011914479110054
2023-08-14,0.1862814863203437
2023-08-15,-1.020019909602556
2023-08-16,-1.2513594398897552
2023-08-17,-7.000036022529046
2023-08-18,-1.5140108237295815
2023-08-19,0.4319817936904191
2023-08-20,0.8369606560401711
2023-08-21,-1.1291558562195336
2023-08-22,-2.102251818567861
2023-08-23,2.659576456235314
2023-08-24,-1.2378373965819514
2023-08-25,-0.5032471798200973
2023-08-26,-0.48188641440904567
2023-08-27,0.5983083272045066
2023-08-28,-0.3855598102129955
2023-08-29,4.489854735025402
2023-08-30,-1.5132727379513757
2023-08-31,-3.6302835419722324
2023-09-01,-1.1275693821919888
2023-09-02,0.4426073487640253
2023-09-03,-0.13554307266546156
2023-09-04,-0.47584473444705105
2023-09-05,0.1634871665112343
2023-09-06,-0.1644096504931055
2023-09-07,0.855699292461439
2023-09-08,-0.7780942970036585
2023-09-09,-0.1397163433004805
2023-09-10,-1.2076149330274846
2023-09-11,-4.195657121294718
2023-09-12,2.514906458083156
2023-09-13,0.8922446328190687
2023-09-14,1.0937250931826206
2023-09-15,0.8173115352116427
2023-09-16,-0.4718381655382183
2023-09-17,-0.8366509106000566
2023-09-18,0.8063834016017913
2023-09-19,0.2977234626091124
2023-09-20,-1.3447189183085975
2023-09-21,-2.486259012015549
2023-09-22,0.48395691111710804
2023-09-23,-0.04308748966264085
2023-09-24,-0.8993322201855691
2023-09-25,0.3913054280767799
2023-09-26,0.24014641188804653
2023-09-27,0.1752703709513741
2023-09-28,3.3285656597398656
2023-09-29,0.8270003699632152
2023-09-30,0.11266867602137114
2023-10-01,3.6001645366146566
2023-10-02,-4.212183335661842
2023-10-03,-0.49822623106784625
2023-10-04,-0.6155600647288969
2023-10-05,-2.311419150621624
2023-10-06,2.0294164676118354
2023-10-07,-0.7702722246312685
2023-10-08,-0.13899107217815235
2023-10-09,-3.4253020231850213
2023-10-10,-0.8485369191982564
2023-10-11,-0.1731397307471777
2023-10-12,-1.7957339541090735
2023-10-13,0.7270572785896539
2023-10-14,0.12378400931212426
2023-10-15,0.10062766659180906
2023-10-16,2.608896253106486
2023-10-17,-2.297163537932995
2023-10-18,-0.18807450878617044
2023-10-19,0.1567089579913704
2023-10-20,2.266081005886069
2023-10-21,1.443623784986037
2023-10-22,1.9927706109924899
2023-10-23,5.868500756017503
2023-10-24,0.9934964310355135
2023-10-25,0.08566716544252255
2023-10-26,0.8466725729216465
2023-10-27,-1.4190189833442124
2023-10-28,-0.27279439176171205
2023-10-29,0.9796729469919588
2023-10-30,0.7265855154357711
2023-10-31,0.27123993038529653
2023-11-01,1.5921497519395615
2023-11-02,-2.628047389294172
2023-11-03,1.6909838440260456
2023-11-04,1.269541309593133
2023-11-05,1.8635061201982026
2023-11-06,0.21932561745251206
2023-11-07,-0.6985206099674919
2023-11-08,-0.016643204410872053
2023-11-09,11.466166658846342
2023-11-10,-2.093613791990532
2023-11-11,-1.3183372779931122
2023-11-12,-0.4474308267600955
2023-11-13,0.41149585757573176
2023-11-14,-3.858751370193101
2023-11-15,3.948520040200137
2023-11-16,-5.031086122181138
2023-11-17,-0.05972407081806053
2023-11-18,0.02206118594867662
2023-11-19,2.4307820499982107
2023-11-20,0.36768788305970757
2023-11-21,-4.3831311159895945
2023-11-22,6.287623670374199
2023-11-23,-0.18741062388661361
2023-11-24,0.8342288359747277
2023-11-25,0.07649011031812951
2023-11-26,-1.0988186712530998
2023-11-27,-1.8337962629986497
2023-11-28,0.9953347546664063
2023-11-29,-1.0316751268355775
2023-11-30,1.0284218228476578
2023-12-01,1.590794976636334
2023-12-02,3.61500858384247
2023-12-03,1.2039494510498445
2023-12-04,2.1523874079745258
2023-12-05,2.1516795506063833
2023-12-06,-2.828251883319653
2023-12-07,5.408838850161904
2023-12-08,-0.031212342327920757
2023-12-09,-0.8271879678982089
2023-12-10,0.4008862347109432
2023-12-11,-5.669588054245658
2023-12-12,-1.098507247492237
2023-12-13,2.546767860520127
2023-12-14,2.3638986381013614
2023-12-15,-4.368367493851144
2023-12-16,0.2612919355252271
2023-12-17,-1.4566550521448065
2023-12-18,0.8620847333598987
2023-12-19,-1.8730536540820693
2023-12-20,1.0176494566651066
2023-12-21,1.6145017786934994
2023-12-22,3.730331425854897
2023-12-23,-0.8341862879310379
2023-12-24,-1.9755114007603125
2023-12-25,0.22266483578410756
2023-12-26,-1.905004446248598
2023-12-27,6.311167583102437
2023-12-28,-1.3992602402311973
2023-12-29,-2.0970531502492804
2023-12-30,-0.45568119480030955
2023-12-31,-0.5433637716553614
2024-01-01,2.9784144630778844
2024-01-02,0.06896225936599686
2024-01-03,-6.435938545031676
2024-01-04,2.521796874976643
2024-01-05,-0.09730634358728282
2024-01-06,-1.2783560291651181
2024-01-07,-0.920438760052369
2024-01-08,4.757088971361444
2024-01-09,0.4241886350140537
2024-01-10,9.559190783158336
2024-01-11,1.3623771602890573
2024-01-12,-3.7802467878817314
2024-01-13,1.9641839240828556
2024-01-14,-4.214555997598934
2024-01-15,1.4900041438209881
2024-01-16,2.9139308320917836
2024-01-17,-2.3992238488848643
2024-01-18,-2.5364911919160953
2024-01-19,0.8270054503962786
2024-01-20,-0.8830300130388525
2024-01-21,-0.716864330692978
2024-01-22,-6.0879498505042395
2024-01-23,-3.1623918285486923
2024-01-24,-0.3985354735742421
2024-01-25,-0.7923078609762559
2024-01-26,2.126944975081553
2024-01-27,-0.04981332624556467
2024-01-28,-0.5519921312580969
2024-01-29,2.5371191372046544
2024-01-30,1.0967708337452593
2024-01-31,-2.7579438258721622
2024-02-01,0.8479070999063388
2024-02-02,0.10264057419804314
2024-02-03,-0.6013464165023442
2024-02-04,-0.3632352245243872
2024-02-05,0.32715327592020843
2024-02-06,3.0591884594998593
2024-02-07,2.069452908282721
2024-02-08,-0.23857989182663747
2024-02-09,2.675478424851664
2024-02-10,0.4696661825267623
2024-02-11,0.1731672332082314
2024-02-12,5.7502423431743175
2024-02-13,-0.6812034299685882
2024-02-14,4.928896278836021
2024-02-15,1.5791607403098276
2024-02-16,-0.8152362500482917
2024-02-17,-0.6889424559469597
2024-02-18,3.179327639749672
2024-02-19,2.1381609726241892
2024-02-20,2.2677893118363834
2024-02-21,-1.522256362639353
2024-02-22,-0.05813569384323068
2024-02-23,-1.7550515385319247
2024-02-24,2.311893848404265
2024-02-25,3.8617793827013736
2024-02-26,2.0274260331728855
2024-02-27,1.9601727884010243
2024-02-28,4.179383282586746
2024-02-29,-1.3817209853247008
2024-03-01,2.6686450751522868
2024-03-02,-0.4593689922498134
2024-03-03,1.9145893650450794
2024-03-04,3.8364959324146035
2024-03-05,-2.1807836968215044
2024-03-06,7.090197580270832
2024-03-07,1.3528647662325468
2024-03-08,0.37607579981143624
2024-03-09,0.5182701052847473
2024-03-10,-0.9580510274751723
2024-03-11,4.5825773355258415
2024-03-12,-2.2219498263316964
2024-03-13,0.5756072378338452
2024-03-14,-3.206390119408752
2024-03-15,-3.9638212684719214
2024-03-16,-5.933437299304605
2024-03-17,3.2572420945428133
2024-03-18,-3.5558771198041113
2024-03-19,-10.887120176728173
2024-03-20,10.59634717318402
2024-03-21,-0.6624593047728281
2024-03-22,-4.748004102999138
2024-03-23,0.007054274122225229
2024-03-24,3.3965923497988406
2024-03-25,3.7880331953696995
2024-03-26,-0.17421974046591576
2024-03-27,-2.546183663917573
2024-03-28,1.652726799724203
2024-03-29,-1.4794254714472137
2024-03-30,-0.19010583644760592
2024-03-31,3.8308726636397457
2024-04-01,-4.074141836647269
2024-04-02,-6.799991169824897
2024-04-03,0.9582962802614255
2024-04-04,0.4799975521332073
2024-04-05,-0.4156301193597648
2024-04-06,0.9778727232053216
2024-04-07,2.83773942979588
2024-04-08,6.687233224119812
2024-04-09,-5.362344106303468
2024-04-10,1.0143932023077225
2024-04-11,-1.1721405925627122
2024-04-12,-7.855241167947762
2024-04-13,-7.706595963463199
2024-04-14,4.855859801514081
2024-04-15,-1.8486373103955671
2024-04-16,-0.6193225219287648
2024-04-17,-3.381809947719124
2024-04-18,2.60735258817364
2024-04-19,-0.30044400515364245
2024-04-20,3.0840947131438132
2024-04-21,-0.40803330799720056
2024-04-22,1.6324859081236662
2024-04-23,0.48861680558185827
2024-04-24,-2.5993946800823333
2024-04-25,0.4505296672121807
2024-04-26,-0.9181968541278855
2024-04-27,3.7435476475903244
2024-04-28,0.24552526466299607
2024-04-29,-1.541797024898883
2024-04-30,-6.606201219889998
2024-05-01,-1.5010884917605516
2024-05-02,0.5370409165640717
2024-05-03,3.7082607281756195
2024-05-04,0.3711086302666093
2024-05-05,0.5489611950949528
2024-05-06,-2.484082513313285
2024-05-07,-1.930478498341456
2024-05-08,-1.1810473576943552
2024-05-09,1.9954243145888058
2024-05-10,-4.326705437045977
2024-05-11,-0.017867051312840602
2024-05-12,0.5055039620904663
2024-05-13,0.6227993193903365
2024-05-14,-2.419657265005318
2024-05-15,5.189576709532787
2024-05-16,-3.1536289195723426
2024-05-17,4.854898060172235
2024-05-18,0.8473852444236336
2024-05-19,-1.7300813207006966
2024-05-20,17.54375002488979
2024-05-21,3.286788236733113
2024-05-22,-1.4644031461796245
2024-05-23,0.9768570898027232
2024-05-24,-1.4125502992177996
2024-05-25,0.5165387223552007
2024-05-26,1.9440044987618024
2024-05-27,1.6331064109851088
2024-05-28,-1.4186585708138246
2024-05-29,-2.10711700805129
2024-05-30,-0.5154141867064994
2024-05-31,0.27098655750919715
2024-06-01,1.3241641321893498
2024-06-02,-0.9308231737334726
2024-06-03,-0.46450440574078505
2024-06-04,1.1371757728939116
2024-06-05,1.2680366240346583
2024-06-06,-1.4520632307478412
2024-06-07,-3.6311228612134507
2024-06-08,-0.017009807769207574
2024-06-09,0.5955527612797835
2024-06-10,-1.1431102830790396
2024-06-11,-4.781176853569366
2024-06-12,1.6566484424158214
2024-06-13,-2.650649126642893
2024-06-14,0.23622173035494193
2024-06-15,2.3406966069885504
2024-06-16,1.4510687264484377
2024-06-17,-3.142164567002418
2024-06-18,-0.8719990481252026
2024-06-19,2.0686823116483843
2024-06-20,-1.4452351738901619
2024-06-21,0.06190668523959113
2024-06-22,-0.6866286015184894
2024-06-23,-2.284622512359316
2024-06-24,-2.099848899294321
2024-06-25,1.247466733054554
2024-06-26,-0.8355478062895996
2024-06-27,2.1307590024904677
2024-06-28,-2.1675699665095576
2024-06-29,-0.09988752251084602
2024-06-30,1.6808439056938884
2024-07-01,0.13677411198503625
2024-07-02,-0.7797425530204467
2024-07-03,-3.7601181033574935
2024-07-04,-7.595140151683601
2024-07-05,-2.4964282528904724
2024-07-06,2.8214515107416402
2024-07-07,-4.748244205569646
2024-07-08,2.9242810320509585
2024-07-09,1.4094368447019467
2024-07-10,1.1584786066639272
2024-07-11,-0.14095489628520247
2024-07-12,1.0051172642418977
2024-07-13,1.2838341577210237
2024-07-14,2.0030827161291476
2024-07-15,7.21412651951702
2024-07-16,-1.408206277552656
2024-07-17,-1.683123971591623
2024-07-18,1.0206233762112709
2024-07-19,2.2130510790438334
2024-07-20,0.30598555205346367
2024-07-21,0.4105771410626597
2024-07-22,-2.8374612271689004
2024-07-23,1.1211328589333294
2024-07-24,-4.353223135825038
2024-07-25,-5.054776999499259
2024-07-26,3.0680327912193754
2024-07-27,-0.9490424460877276
2024-07-28,0.651829017701647
2024-07-29,1.4088650517948658
2024-07-30,-1.3490839687095006
2024-07-31,-1.5354756748479963
2024-08-01,-1.0044392777638849
2024-08-02,-7.050125424838363
2024-08-03,-2.886234749116396
2024-08-04,-7.847673238755225
2024-08-05,-10.638994268182914
2024-08-06,1.6229228250708174
2024-08-07,-5.175092696711441
2024-08-08,13.757393885624394
2024-08-09,-3.251077657128077
2024-08-10,0.32011664322341005
2024-08-11,-2.279188260055082
2024-08-12,6.409121912100963
2024-08-13,-0.8449907462535746
2024-08-14,-1.599027894540557
2024-08-15,-3.6282094957397923
2024-08-16,0.814664885187897
2024-08-17,0.740257937137232
2024-08-18,-0.1255920110153736
2024-08-19,0.8321635593623403
2024-08-20,-2.5444786158827757
2024-08-21,2.159943792387123
2024-08-22,-0.4014924936529776
2024-08-23,5.173965777468704
2024-08-24,0.09855431002060296
2024-08-25,-0.8133159695717808
2024-08-26,-2.5778481357840395
2024-08-27,-8.747411260559156
2024-08-28,2.7148487825711363
2024-08-29,-0.06516144210120223
2024-08-30,-0.19762286446998972
2024-08-31,-0.5733398410167893
2024-09-01,-3.5407085976131567
2024-09-02,4.362170936522968
2024-09-03,-4.823393743892917
2024-09-04,1.0852623962836618
2024-09-05,-3.453631516655655
2024-09-06,-6.348383654863379
2024-09-07,2.153491101244576
2024-09-08,0.9343147073984227
2024-09-09,2.548602089791993
2024-09-10,1.2299005997038654
2024-09-11,-2.1835631634268764
2024-09-12,0.8532306913604203
2024-09-13,3.2439407282100214
2024-09-14,-1.0270204651053532
2024-09-15,-4.203402802878726
2024-09-16,-1.1898180160790957
2024-09-17,1.9223241481779507
2024-09-18,1.1094340993500107
2024-09-19,3.85148831306371
2024-09-20,3.753386872813177
2024-09-21,2.03651206561183
2024-09-22,-1.3494324063170335
2024-09-23,2.4311870706580483
2024-09-24,0.1389937231239814
2024-09-25,-2.9450044549548102
2024-09-26,1.946677134456279
2024-09-27,2.311156940995593
2024-09-28,-0.7635009979723536
2024-09-29,-0.7618323663076418
2024-09-30,-2.2192631572852175
2024-10-01,-6.184193921692098
2024-10-02,-3.557238107050175
2024-10-03,-0.7350271060651852
2024-10-04,2.648667548101
2024-10-05,-0.04538644913205422
2024-10-06,0.9219059959362966
2024-10-07,-0.8271841571869766
