Date,returns
2015-06-02,-0.157713580637811
2015-06-03,0.3565161479259274
2015-06-04,-0.9487601963466038
2015-06-05,-0.3139092285374296
2015-06-08,-0.46557883387150073
2015-06-09,-0.014138345381987157
2015-06-10,1.3217865175118653
2015-06-11,0.21625424187547798
2015-06-12,-0.7820646443218917
2015-06-15,-0.6033635138980241
2015-06-16,0.6348724633330644
2015-06-17,0.17443962642238173
2015-06-18,0.9991301751685709
2015-06-19,-0.5529251779938228
2015-06-22,0.574668717825347
2015-06-23,0.13396823293544657
2015-06-24,-0.9858806344056362
2015-06-25,-0.4223011084916421
2015-06-26,0.3143136840569719
2015-06-29,-1.9713650223707875
2015-06-30,0.13153255379888434
2015-07-01,0.7824261746157388
2015-07-02,-0.15667702680653076
2015-07-06,-0.26277591726654675
2015-07-07,0.5263903178577164
2015-07-08,-1.4818801647948903
2015-07-09,0.1893634022677362
2015-07-10,1.1996566310340193
2015-07-13,1.2159139396567271
2015-07-14,0.421303631268812
2015-07-15,-0.018890870118154116
2015-07-16,0.38749987402764907
2015-07-17,-0.18671014921908985
2015-07-20,0.07716026443735173
2015-07-21,-1.0056864673098078
2015-07-22,-0.3816016592453702
2015-07-23,-0.6695316466461267
2015-07-24,-0.9257207510944582
2015-07-27,-0.7308954113527968
2015-07-28,1.081704528417806
2015-07-29,0.6846573414008367
2015-07-30,-0.0304820110627416
2015-07-31,-0.31674790787522583
2015-08-03,-0.5194979040777334
2015-08-04,-0.27033454742916396
2015-08-05,-0.05824116525843884
2015-08-06,-0.6906202564945461
2015-08-07,-0.2665420842105292
2015-08-10,1.3821259018324539
2015-08-11,-1.2127055863077398
2015-08-12,-0.0018967091479553783
2015-08-13,0.03297965609297071
2015-08-14,0.39644083121690754
2015-08-17,0.387061040872015
2015-08-18,-0.1930588359201392
2015-08-19,-0.9329330259626059
2015-08-20,-2.0853817088483266
2015-08-21,-3.174750799900345
2015-08-24,-3.640243432721192
2015-08-25,-1.2994700191572575
2015-08-26,3.8754868729793266
2015-08-27,2.2420892729201385
2015-08-28,-0.0706339363299903
2015-08-31,-0.693260943921911
2015-09-01,-2.8828745746762885
2015-09-02,1.8083351095221685
2015-09-03,0.14288203278000985
2015-09-04,-1.6774030737648014
2015-09-08,2.394954728484906
2015-09-09,-1.4604030978209959
2015-09-10,0.47158292161863713
2015-09-11,0.6268550063070795
2015-09-14,-0.37879443222244064
2015-09-15,1.388460450705808
2015-09-16,0.8404395883995374
2015-09-17,-0.3903017997327987
2015-09-18,-1.7554360142574963
2015-09-21,0.7637079529850841
2015-09-22,-1.0945061711050215
2015-09-23,-0.31020890082304853
2015-09-24,-0.4837842510980321
2015-09-25,0.6971958577981757
2015-09-28,-1.9357879973406185
2015-09-29,0.29478169040620517
2015-09-30,1.4571393493950622
2015-10-01,-0.07795892364709991
2015-10-02,1.2237940207832412
2015-10-05,1.8290526835949519
2015-10-06,0.0819848215161273
2015-10-07,0.7245766421316815
2015-10-08,0.8153669896551801
2015-10-09,0.1976857062162436
2015-10-12,0.2768803301803861
2015-10-13,-0.2920976831140476
2015-10-14,-0.924182692418944
2015-10-15,1.2739960667304788
2015-10-16,0.4320473946432512
2015-10-19,0.0845854070135044
2015-10-20,-0.07797158174529951
2015-10-21,-0.2820940432567637
2015-10-22,1.8498589292654397
2015-10-23,0.8967483421184397
2015-10-26,-0.134100417745513
2015-10-27,-0.236453500167371
2015-10-28,1.1203993122253924
2015-10-29,-0.133493962141196
2015-10-30,-0.5209692096409608
2015-11-02,0.9310295587765317
2015-11-03,0.5001316809635764
2015-11-04,-0.2826285533372811
2015-11-05,-0.02323130899960519
2015-11-06,0.26220569379901876
2015-11-09,-1.0092426810300588
2015-11-10,0.15627780735191024
2015-11-11,-0.31579018254440283
2015-11-12,-1.4461036440584976
2015-11-13,-1.1692881762624499
2015-11-16,1.3693361833606006
2015-11-17,0.03711620637469412
2015-11-18,1.4061181825726885
2015-11-19,-0.024867028155967103
2015-11-20,0.5122022184166636
2015-11-23,-0.1748115386883673
2015-11-24,0.1095904467479204
2015-11-25,0.006743311254568457
2015-11-27,0.0
2015-11-30,-0.5261030693733469
2015-12-01,0.9460215048881806
2015-12-02,-0.8909587341989109
2015-12-03,-1.4315992113772325
2015-12-04,2.094671277362649
2015-12-07,-0.6583903192832432
2015-12-08,-0.9207805931971899
2015-12-09,-0.43182365635481973
2015-12-10,0.47023840809171363
2015-12-11,-1.7769664440330561
2015-12-14,0.5964672334141895
2015-12-15,0.8965085564362199
2015-12-16,1.2710931895631536
2015-12-17,-1.4371108743753678
2015-12-18,-2.121642190872144
2015-12-21,0.7159294751310509
2015-12-22,0.9556213515072114
2015-12-23,1.0584935185666955
2015-12-24,-0.2869566456989875
2015-12-28,-0.13626051837183847
2015-12-29,1.0934295482627003
2015-12-30,-0.6630559420900118
2015-12-31,-1.0211077460944151
2016-01-04,-1.597130572606302
2016-01-05,0.05666793069645333
2016-01-06,-1.4804270545436171
2016-01-07,-2.3484203202447604
2016-01-08,-1.0203777456777101
2016-01-11,0.3183394628841553
2016-01-12,0.7148815960454393
2016-01-13,-2.2335608890178973
2016-01-14,1.3995705227170085
2016-01-15,-2.415961778464483
2016-01-19,0.17459925799367004
2016-01-20,-1.5686769208858198
2016-01-21,0.7326514800301334
2016-01-22,1.3186882920926286
2016-01-25,-1.302697061229
2016-01-26,1.7597283067059648
2016-01-27,-1.3874952000075669
2016-01-28,0.7820324606943584
2016-01-29,2.4384159886989054
2016-02-01,-0.10403065700557515
2016-02-02,-1.8136385833121587
2016-02-03,1.127244862407651
2016-02-04,0.4880132769486312
2016-02-05,-1.2973836069497684
2016-02-08,-1.10400608820568
2016-02-09,-0.07908462674058485
2016-02-10,-0.6241322749853658
2016-02-11,-1.6124573743928956
2016-02-12,1.9831209592565517
2016-02-16,1.3837248002297124
2016-02-17,1.5768659218031056
2016-02-18,-0.24583984950671237
2016-02-19,-0.1307067931358237
2016-02-22,1.3853694050250043
2016-02-23,-1.142928743532495
2016-02-24,0.32330623331228864
2016-02-25,1.2796090529767103
2016-02-26,-0.3438699896679537
2016-02-29,-0.7447793522386942
2016-03-01,2.0885335446831723
2016-03-02,0.20281862385382077
2016-03-03,0.26345071765204714
2016-03-04,0.3703562411642709
2016-03-07,0.39423918846435635
2016-03-08,-0.6454540993269872
2016-03-09,0.21351601341327128
2016-03-10,-0.030760054525935162
2016-03-11,1.2756070548144722
2016-03-14,0.0918652277054982
2016-03-15,0.1299188620461986
2016-03-16,0.4293603391089078
2016-03-17,0.8948222446131445
2016-03-18,0.6886999431285298
2016-03-21,0.12245646982390873
2016-03-22,-0.23460962090731766
2016-03-23,-0.4559227145433823
2016-03-24,0.07505000525167095
2016-03-28,0.11217991150220599
2016-03-29,0.5557189045988494
2016-03-30,0.4727099380824053
2016-03-31,-0.1783545777757158
2016-04-01,0.6069168088812003
2016-04-04,-0.31382177332554234
2016-04-05,-0.756531485297567
2016-04-06,0.6383514092443531
2016-04-07,-0.9875273734747348
2016-04-08,0.199322813566846
2016-04-11,-0.11698725715207775
2016-04-12,0.9345350157386818
2016-04-13,1.049865201439781
2016-04-14,0.10130062551949924
2016-04-15,-0.1617287000873512
2016-04-18,0.5943995265343238
2016-04-19,0.27422382548375246
2016-04-20,0.23607245451266684
2016-04-21,-0.6305664899546852
2016-04-22,0.11799206469385769
2016-04-25,-0.1473543126473445
2016-04-26,0.07273264298572128
2016-04-27,0.2843621589247055
2016-04-28,-1.175243181185503
2016-04-29,-0.3208546640342016
2016-05-02,0.6590248873492266
2016-05-03,-0.7869953829763419
2016-05-04,-0.5629635360094893
2016-05-05,0.05352956469145655
2016-05-06,0.4515086354871931
2016-05-09,-0.19590466790053562
2016-05-10,1.2484746076556867
2016-05-11,-1.2190594674478794
2016-05-12,0.05295191030903481
2016-05-13,-1.0505011020485118
2016-05-16,0.9952443806999605
2016-05-17,-1.0257009498569698
2016-05-18,-0.01917657829198924
2016-05-19,-0.5218174362263627
2016-05-20,0.37519178983986
2016-05-23,-0.045778108917836485
2016-05-24,1.2109651774586176
2016-05-25,0.8181652146476835
2016-05-26,-0.13016164421355128
2016-05-27,0.25170736275635563
2016-05-31,-0.4824488966434047
2016-06-01,0.013889379187391636
2016-06-02,0.27444896950919845
2016-06-03,-0.17673984760629252
2016-06-06,0.6340788329290498
2016-06-07,0.10011107827067874
2016-06-08,0.37153797958939744
2016-06-09,-0.11037064499631695
2016-06-10,-0.6686096869636629
2016-06-13,-0.7464501518912579
2016-06-14,-0.3256967119691337
2016-06-15,-0.19623622441651564
2016-06-16,0.5254244378566484
2016-06-17,-0.3272654754611877
2016-06-20,0.7311694201383373
2016-06-21,0.13953479164223256
2016-06-22,-0.2746399978592174
2016-06-23,1.2865671156833125
2016-06-24,-3.447327747177327
2016-06-27,-1.5084379660545526
2016-06-28,1.5599782247318081
2016-06-29,1.6235300442047476
2016-06-30,1.3210731195424237
2016-07-01,0.10802259835174044
2016-07-05,-0.6077137205957743
2016-07-06,0.4362515951348184
2016-07-07,-0.12697809158391035
2016-07-08,1.3920376391603742
2016-07-11,0.44092104652462144
2016-07-12,0.6602433069642635
2016-07-13,0.13316646411792799
2016-07-14,0.7282915656388275
2016-07-15,0.054780195839598464
2016-07-18,0.08906978966028992
2016-07-19,0.13997059333158207
2016-07-20,0.19389301106065357
2016-07-21,-0.4192627588803546
2016-07-22,0.2891450723191547
2016-07-25,-0.41975698942538625
2016-07-26,-0.10447505936156089
2016-07-27,-0.00855346479018481
2016-07-28,-0.08568073493683079
2016-07-29,-0.13071455718396194
2016-08-01,-0.1505587435822649
2016-08-02,-0.4942520228792181
2016-08-03,0.22488066358769127
2016-08-04,-0.016068949662677096
2016-08-05,1.0379575781385586
2016-08-08,-0.07682305098746338
2016-08-09,0.020299413252250827
2016-08-10,-0.20195484402082287
2016-08-11,0.6352054789711888
2016-08-12,-0.19924092556925957
2016-08-15,0.32021549015521905
2016-08-16,-0.4519266114824806
2016-08-17,0.11808408467667382
2016-08-18,0.12783815677612057
2016-08-19,-0.24295343758048907
2016-08-22,-0.12486057779709853
2016-08-23,0.09645330235337102
2016-08-24,-0.35550930709344625
2016-08-25,-0.1790978569393191
2016-08-26,-0.28775417860419644
2016-08-29,0.5831698718746561
2016-08-30,-0.26349053167455555
2016-08-31,-0.2898911735465646
2016-09-01,0.1000534087062104
2016-09-02,0.3937023375535054
2016-09-06,0.24930125419196564
2016-09-07,-0.06463647793203053
2016-09-08,-0.24985369594540136
2016-09-09,-2.157650013084027
2016-09-12,1.3162380340608397
2016-09-13,-1.419685242372609
2016-09-14,-0.17716970105724303
2016-09-15,0.9805563809282266
2016-09-16,-0.4881064352973749
2016-09-19,-0.020035660093015936
2016-09-20,0.054019202860654106
2016-09-21,0.8990825388074749
2016-09-22,0.5384153419914066
2016-09-23,-0.71486112183642
2016-09-26,-0.9165971347369063
2016-09-27,0.7349107892916069
2016-09-28,0.6067664951536506
2016-09-29,-1.073346829797147
2016-09-30,0.9036766258441263
2016-10-03,-0.2970341949255117
2016-10-04,-0.46894649638594377
2016-10-05,0.6177341389227646
2016-10-06,-0.0685606496544439
2016-10-07,-0.15344040435351755
2016-10-10,0.4842775003390175
2016-10-11,-1.0992516164149508
2016-10-12,0.08567873455983048
2016-10-13,-0.24975645493422768
2016-10-14,0.21768398703175548
2016-10-17,-0.2869886449735185
2016-10-18,0.4167869324527393
2016-10-19,0.22373270042085605
2016-10-20,-0.22147439744726966
2016-10-21,-0.09165277786323864
2016-10-24,0.4251919388028021
2016-10-25,-0.2954460501872216
2016-10-26,0.16531048235867302
2016-10-27,-0.16305309044814517
2016-10-28,-0.04673840582614493
2016-10-31,-0.10340312297058976
2016-11-01,-0.5822112143436525
2016-11-02,-0.4303673245188848
2016-11-03,-0.16144028277129702
2016-11-04,-0.23669396068486268
2016-11-07,2.0545237233572813
2016-11-08,0.39975974597965663
2016-11-09,1.3918551355275322
2016-11-10,1.1668880101916308
2016-11-11,0.21127999014083637
2016-11-14,0.11151290764871691
2016-11-15,0.287740743753134
2016-11-16,-0.29064945719781565
2016-11-17,0.18892160865664917
2016-11-18,-0.19003957085172807
2016-11-21,0.46932358111481454
2016-11-22,0.3537586599432554
2016-11-23,0.3112841145725016
2016-11-25,0.360718894006508
2016-11-28,-0.28360895461095503
2016-11-29,0.12401638842718188
2016-11-30,0.010356697329977078
2016-12-01,0.35677292194817367
2016-12-02,-0.11213999193550755
2016-12-05,0.23873050729176595
2016-12-06,0.18477204204495906
2016-12-07,1.53523174748534
2016-12-08,0.332911608722181
2016-12-09,0.7215325854157165
2016-12-12,0.20013557429296278
2016-12-13,0.5781334166196819
2016-12-14,-0.597837853097328
2016-12-15,0.30123006569188665
2016-12-16,-0.04448889580469808
2016-12-19,0.19961704671696764
2016-12-20,0.4594284239080317
2016-12-21,-0.16363230691651046
2016-12-22,-0.11580327792316675
2016-12-23,0.07492436606716056
2016-12-27,0.056313138577034974
2016-12-28,-0.5598956900069043
2016-12-29,-0.07010935010664181
2016-12-30,-0.2889150619752897
2017-01-03,0.601147386298438
2017-01-04,0.3033374768596674
2017-01-05,-0.2152085887286685
2017-01-06,0.32366670682909343
2017-01-09,-0.38352697411946085
2017-01-10,-0.16028805738816423
2017-01-11,0.49610990873148675
2017-01-12,-0.3176253307369024
2017-01-13,-0.026495547616552192
2017-01-17,-0.2969391542861683
2017-01-18,-0.111269247103586
2017-01-19,-0.36583540307381235
2017-01-20,0.4795279543251329
2017-01-23,-0.13829119598412418
2017-01-24,0.5683926214865651
2017-01-25,0.7793639813725152
2017-01-26,0.16131872312074508
2017-01-27,-0.03548159991696372
2017-01-30,-0.6122505711121029
2017-01-31,-0.5374202595887249
2017-02-01,0.13507530459521602
2017-02-02,-0.03031637026180582
2017-02-03,0.9337791779184005
2017-02-06,-0.09491114342154254
2017-02-07,0.18867262731779644
2017-02-08,-0.17909857103557905
2017-02-09,0.5869771458516468
2017-02-10,0.47954843199854863
2017-02-13,0.701997218333204
2017-02-14,0.45091832283730304
2017-02-15,0.5226615380170468
2017-02-16,0.03836936137075131
2017-02-17,0.020760686003084786
2017-02-21,0.5750931929614531
2017-02-22,0.15703620247807268
2017-02-23,0.16698301376026753
2017-02-24,0.05495499331972801
2017-02-27,0.07527599442356198
2017-02-28,-0.12100559722845747
2017-03-01,1.4468486447220588
2017-03-02,-0.5345883106578947
2017-03-03,0.013046038446669423
2017-03-06,-0.24485727953061756
2017-03-07,-0.14126417864742882
2017-03-08,-0.33043824664736926
2017-03-09,0.011789754510987642
2017-03-10,0.21451043102565007
2017-03-13,-0.10290907871030638
2017-03-14,-0.2114696113465468
2017-03-15,0.5395432917756585
2017-03-16,-0.07424595260677797
2017-03-17,-0.09525465938407739
2017-03-20,-0.041892231098387744
2017-03-21,-1.144238962547144
2017-03-22,-0.03246598767390982
2017-03-23,-0.02285065471584756
2017-03-24,-0.29020425457815735
2017-03-27,-0.2223222776117438
2017-03-28,0.7297510235279294
2017-03-29,-0.20395969810776782
2017-03-30,0.3342529375732018
2017-03-31,-0.3153751505798631
2017-04-03,-0.06298080570117631
2017-04-04,0.18882354441084606
2017-04-05,-0.19880237558207253
2017-04-06,0.07164577509661353
2017-04-07,-0.03315472951101517
2017-04-10,0.009294265090579219
2017-04-11,-0.03252897897335299
2017-04-12,-0.2882487529166319
2017-04-13,-0.6754027654984704
2017-04-17,0.8939906819264253
2017-04-18,-0.5521883562765606
2017-04-19,-0.5804831165765894
2017-04-20,0.8502105624529454
2017-04-21,-0.15051706207345744
2017-04-24,1.0463529259164395
2017-04-25,1.1122167397127263
2017-04-26,-0.100208210073597
2017-04-27,0.029746267353760555
2017-04-28,-0.19474491364530344
2017-05-01,-0.12925336084648117
2017-05-02,0.17404099450160748
2017-05-03,0.038225664147018605
2017-05-04,-0.03068377015757408
2017-05-05,0.26439887549173946
2017-05-08,0.025416197338246425
2017-05-09,-0.17385899904152693
2017-05-10,-0.1558721117123516
2017-05-11,-0.11317737390245533
2017-05-12,-0.10909954637546883
2017-05-15,0.40751266985137424
2017-05-16,-0.010435486061321725
2017-05-17,-1.793027496125363
2017-05-18,0.27181946838879056
2017-05-19,0.6840037926830469
2017-05-22,0.43161192520244607
2017-05-23,0.20596352575898663
2017-05-24,0.355228880621119
2017-05-25,0.33509321481740684
2017-05-26,-0.012664693727514506
2017-05-30,-0.2413152222758534
2017-05-31,-0.09905444706217
2017-06-01,0.6430399270238981
2017-06-02,0.2933116036790804
2017-06-05,-0.10497678610886695
2017-06-06,-0.22593719093550071
2017-06-07,0.1770695583043334
2017-06-08,0.0417404770266228
2017-06-09,0.4213524529882506
2017-06-12,-0.1707965417078717
2017-06-13,0.4360521647155602
2017-06-14,0.21586224817181482
2017-06-15,-0.06861046800863471
2017-06-16,0.11406890515463392
2017-06-19,0.6744370103395719
2017-06-20,-0.28769868729968107
2017-06-21,-0.26639520287340446
2017-06-22,-0.059523629320601214
2017-06-23,-0.0118213403994959
2017-06-26,0.06910993787650617
2017-06-27,-0.46296963177676587
2017-06-28,0.6732087228146398
2017-06-29,-0.784157753630381
2017-06-30,0.29365155364262335
2017-07-03,0.6053812571224787
2017-07-05,-0.0051195294190698555
2017-07-06,-0.7389635347400458
2017-07-07,0.44133522810841574
2017-07-10,-0.027183203647714173
2017-07-11,0.0025726868422174666
2017-07-12,0.5732053045727629
2017-07-13,0.09724548376786367
2017-07-14,0.3919836634788663
2017-07-17,-0.037069572228502407
2017-07-18,-0.25455832710817694
2017-07-19,0.30553672847353314
2017-07-20,-0.13396075525939688
2017-07-21,-0.14682858158870912
2017-07-24,-0.31049159453897035
2017-07-25,0.4649564174071385
2017-07-26,0.45046280742204114
2017-07-27,0.39322418804042464
2017-07-28,0.15476599203266123
2017-07-31,0.2781639731070026
2017-08-01,0.33200676446282484
2017-08-02,0.23792699706367565
2017-08-03,0.04477225869322154
2017-08-04,0.30241448895967354
2017-08-07,0.11585010230533352
2017-08-08,-0.14967090797580795
2017-08-09,-0.1660425113882315
2017-08-10,-0.9326876453869593
2017-08-11,0.06549100407648796
2017-08-14,0.6174904620738667
2017-08-15,0.02400078540173509
2017-08-16,0.11756765353264631
2017-08-17,-1.2524888661924642
2017-08-18,-0.35104368329098484
2017-08-21,0.13481517682680735
2017-08-22,0.8996585841535744
2017-08-23,-0.401724645682087
2017-08-24,-0.1316166287490166
2017-08-25,0.13886041377044472
2017-08-28,-0.024159932061372496
2017-08-29,0.26088328496605406
2017-08-30,0.12368332525573623
2017-08-31,0.25396569197391444
2017-09-01,0.17963061426837726
2017-09-05,-1.0710908751371724
2017-09-06,0.24944407702136795
2017-09-07,-0.10488672233303871
2017-09-08,0.059701694971924985
2017-09-11,1.1838201948501785
2017-09-12,0.27838625502006337
2017-09-13,0.17761044400904458
2017-09-14,0.20423400222990754
2017-09-15,0.2916877273314296
2017-09-18,0.28255715821946364
2017-09-19,0.17650686498373755
2017-09-20,0.1866275601110588
2017-09-21,-0.23836154032398993
2017-09-22,-0.043126278358659974
2017-09-25,-0.23966496190818806
2017-09-26,-0.05280136042801356
2017-09-27,0.25273104997683205
2017-09-28,0.18106691852093532
2017-09-29,0.1066872373940948
2017-10-02,0.6783862458607444
2017-10-03,0.37199897397103804
2017-10-04,0.08816443733370871
2017-10-05,0.5006939692493545
2017-10-06,-0.007555383602466983
2017-10-09,-0.05534064598462335
2017-10-10,0.30535975955796724
2017-10-11,0.18471620144064632
2017-10-12,-0.1394799580485231
2017-10-13,0.13436494300615154
2017-10-16,0.3719955696744832
2017-10-17,0.17616822654527645
2017-10-18,0.6940121917320196
2017-10-19,0.023486088732650835
2017-10-20,0.7123534060848267
2017-10-23,-0.23462191627430234
2017-10-24,0.7183857906633337
2017-10-25,-0.48020574291335805
2017-10-26,0.3055767329678445
2017-10-27,0.1423296637264573
2017-10-30,-0.3653012513062158
2017-10-31,0.12198782453930253
2017-11-01,0.24681385994588007
2017-11-02,0.34610387287733374
2017-11-03,0.09745816773869244
2017-11-06,0.039205510709706785
2017-11-07,0.0374076014434709
2017-11-08,0.026013707828733985
2017-11-09,-0.43134262471880336
2017-11-10,-0.1694752909158974
2017-11-13,0.07463751265600549
2017-11-14,-0.12904612769167953
2017-11-15,-0.592071935178685
2017-11-16,0.8006955882274992
2017-11-17,-0.4277085225643465
2017-11-20,0.3081517572095043
2017-11-21,0.6826740250550775
2017-11-22,-0.27442501771485167
2017-11-24,0.1351220665788583
2017-11-27,0.09668926237167344
2017-11-28,1.0794925023374975
2017-11-29,0.4352222369332367
2017-11-30,1.3758735298979299
2017-12-01,-0.16806789584107037
2017-12-04,0.24096862775117406
2017-12-05,-0.4514494796613972
2017-12-06,-0.1644420638851279
2017-12-07,0.29190020057372185
2017-12-08,0.4848717138437957
2017-12-11,0.23347611739474838
2017-12-12,0.485865009177303
2017-12-13,0.32849297297664126
2017-12-14,-0.3127447481659236
2017-12-15,0.5820964882056536
2017-12-18,0.5681560319202433
2017-12-19,-0.15116662669193334
2017-12-20,-0.11357646377745054
2017-12-21,0.22476221834909046
2017-12-22,-0.11397092802835757
2017-12-26,-0.03171541975592678
2017-12-27,0.11344732026292187
2017-12-28,0.25481439955433177
2017-12-29,-0.4773893920454431
2018-01-02,0.4230213402421039
2018-01-03,0.3966899198768946
2018-01-04,0.6098332813957483
2018-01-05,0.8764554775312662
2018-01-08,-0.05088742046378698
2018-01-09,0.40577602279792646
2018-01-10,-0.06568789252812024
2018-01-11,0.8071658499252932
2018-01-12,0.889333357527179
2018-01-16,-0.040042129184875395
2018-01-17,1.2437081236758862
2018-01-18,-0.3753441910710853
2018-01-19,0.20699044205044703
2018-01-22,0.5465263611386164
2018-01-23,-0.01445506099161929
2018-01-24,0.15747729885790743
2018-01-25,0.5344116324471906
2018-01-26,0.8448417996071491
2018-01-29,-0.6680883918119308
2018-01-30,-1.3808859899187018
2018-01-31,0.2776381731025334
2018-02-01,0.14261787833463013
2018-02-02,-2.5751953905047906
2018-02-05,-4.714281575104447
2018-02-06,2.3023208289904087
2018-02-07,-0.07798207607505947
2018-02-08,-4.237794893342402
2018-02-09,1.375381063110982
2018-02-12,1.682150303387461
2018-02-13,0.15913212114638378
2018-02-14,1.0216963140164999
2018-02-15,1.2252309927855576
2018-02-16,0.07541377992169597
2018-02-20,-1.0147950764002729
2018-02-21,-0.6710725202061145
2018-02-22,0.6619811637248777
2018-02-23,1.3825272398389417
2018-02-26,1.565242030442786
2018-02-27,-1.1707658723049432
2018-02-28,-1.5100838224429127
2018-03-01,-1.693167604781073
2018-03-02,-0.2886032185655095
2018-03-05,1.3628221494839472
2018-03-06,0.03761891471876238
2018-03-07,-0.3331349305096405
2018-03-08,0.37769879684194163
2018-03-09,1.7540603211558141
2018-03-12,-0.6221256628645413
2018-03-13,-0.6837842506330506
2018-03-14,-1.0003475916591915
2018-03-15,0.465593722345753
2018-03-16,0.29245047301581034
2018-03-19,-1.3544076351989012
2018-03-20,0.4716817339867467
2018-03-21,-0.1819849377875168
2018-03-22,-2.9789082851014115
2018-03-23,-1.7885575122934008
2018-03-26,2.8047892373448136
2018-03-27,-1.4352574438880745
2018-03-28,-0.03895103449011854
2018-03-29,1.0622887399283716
2018-04-02,-1.9223456218015504
2018-04-03,1.6325443520889933
2018-04-04,0.9563327316697265
2018-04-05,0.9880018270320111
2018-04-06,-2.3637962899401668
2018-04-09,0.19343794544448567
2018-04-10,1.7728346085607478
2018-04-11,-0.8994392016097549
2018-04-12,1.206451789807667
2018-04-13,-0.5032857688062462
2018-04-16,0.870165324326942
2018-04-17,0.8654560713452941
2018-04-18,-0.1556910761623052
2018-04-19,-0.3366718548759405
2018-04-20,-0.8221503335075036
2018-04-23,-0.058268353444096
2018-04-24,-1.7517835691983223
2018-04-25,0.248188649990653
2018-04-26,0.9854598957493491
2018-04-27,-0.04585474663914344
2018-04-30,-0.6107954155509508
2018-05-01,-0.2656308477814994
2018-05-02,-0.7249332065311875
2018-05-03,0.02160655211791613
2018-05-04,1.3793164487082918
2018-05-07,0.3900082205143765
2018-05-08,0.011866878017918973
2018-05-09,0.7456798230959889
2018-05-10,0.7994440577951076
2018-05-11,0.36973748945503926
2018-05-14,0.27443990035246923
2018-05-15,-0.7781384225804582
2018-05-16,0.2527302075126523
2018-05-17,-0.22209381446324758
2018-05-18,0.004488755273652831
2018-05-21,1.1993264195406246
2018-05-22,-0.7177048364956676
2018-05-23,0.21077684450971304
2018-05-24,-0.30202413400744726
2018-05-25,-0.23674014846859429
2018-05-29,-1.594839058364238
2018-05-30,1.2495977338215476
2018-05-31,-1.0265814547760848
2018-06-01,0.8944662870860272
2018-06-04,0.7218736483913557
2018-06-05,-0.05526293356440052
2018-06-06,1.3871506709916614
2018-06-07,0.3771533681178008
2018-06-08,0.2971608286079775
2018-06-11,0.022833264122791075
2018-06-12,-0.006240060208958936
2018-06-13,-0.4731864905798132
2018-06-14,-0.1027807375877669
2018-06-15,-0.3375264049202649
2018-06-18,-0.4113982641056727
2018-06-19,-1.1562743787377356
2018-06-20,-0.17184714379744762
2018-06-21,-0.7984715006511175
2018-06-22,0.4860740075332699
2018-06-25,-1.343723035972235
2018-06-26,0.12489143643132901
2018-06-27,-0.6839577905654792
2018-06-28,0.4074225422518464
2018-06-29,0.22834521743967653
2018-07-02,0.14726461937022567
2018-07-03,-0.5460158567688245
2018-07-05,0.7497009034692644
2018-07-06,0.4086613083373815
2018-07-09,1.300401880078533
2018-07-10,0.5757806987828455
2018-07-11,-0.8835625974138221
2018-07-12,0.9045497211303207
2018-07-13,0.3785002197004616
2018-07-16,0.17949619702806657
2018-07-17,0.22130956491346973
2018-07-18,0.3155794823661207
2018-07-19,-0.5363279932210988
2018-07-20,-0.02546099752515859
2018-07-23,-0.05520724041924152
2018-07-24,0.7861055175345737
2018-07-25,0.6797247565709194
2018-07-26,0.44353472249540354
2018-07-27,-0.29820560570207694
2018-07-30,-0.5683091049072733
2018-07-31,0.4272682391214681
2018-08-01,-0.3206730958029938
2018-08-02,-0.030241449907798014
2018-08-03,0.5372066695294745
2018-08-06,0.15539999610024857
2018-08-07,0.49570908285677845
2018-08-08,-0.17636329695716996
2018-08-09,-0.2917018479127787
2018-08-10,-0.7716712643919263
2018-08-13,-0.49679040835721505
2018-08-14,0.4445481480281982
2018-08-15,-0.545001016712979
2018-08-16,1.5627739185996976
2018-08-17,0.4317557035969861
2018-08-20,0.34755080350539597
2018-08-21,0.24660114420264706
2018-08-22,-0.3440520293444183
2018-08-23,-0.29818381998881777
2018-08-24,0.5184698182836233
2018-08-27,1.0003596712197078
2018-08-28,0.05518286979564199
2018-08-29,0.23204615645348708
2018-08-30,-0.5282931274861442
2018-08-31,-0.08507746076764973
2018-09-04,-0.047536539059941485
2018-09-05,0.0866969514599413
2018-09-06,0.08034851693565934
2018-09-07,-0.30563074464409345
2018-09-10,-0.22972621330180354
2018-09-11,0.4398785612661825
2018-09-12,0.10721334669494065
2018-09-13,0.5640845943738032
2018-09-14,0.033191502951415305
2018-09-17,-0.35448705226252886
2018-09-18,0.7067322382911824
2018-09-19,0.603195077055245
2018-09-20,0.9468888302665169
2018-09-21,0.32404055617760247
2018-09-24,-0.6807918383873411
2018-09-25,-0.26327718765138247
2018-09-26,-0.4044510657265811
2018-09-27,0.20691034138096312
2018-09-28,0.06949516669487463
2018-10-01,0.7264280810997965
2018-10-02,0.45944178205935426
2018-10-03,0.20316725233939115
2018-10-04,-0.7516895643175434
2018-10-05,-0.6799132402240214
2018-10-08,0.15010636119106227
2018-10-09,-0.21244074364904741
2018-10-10,-3.197816592893419
2018-10-11,-2.155634235986577
2018-10-12,1.1396991189045496
2018-10-15,-0.3535820906860076
2018-10-16,2.1465278111665564
2018-10-17,-0.3562378564071945
2018-10-18,-1.281110748799749
2018-10-19,0.25535546033730205
2018-10-22,-0.5001007728982593
2018-10-23,-0.49884626290798195
2018-10-24,-2.443161611580561
2018-10-25,1.6185436305432763
2018-10-26,-1.1927790695957718
2018-10-29,-0.99892741619902
2018-10-30,1.7508235465249111
2018-10-31,0.9646692508574324
2018-11-01,1.049509969925747
2018-11-02,-0.4339858688654831
2018-11-05,0.7524562399645851
2018-11-06,0.6783654561553297
2018-11-07,2.104826320185513
2018-11-08,0.04170175593050711
2018-11-09,-0.773932203045139
2018-11-12,-2.344063502575833
2018-11-13,-0.39740396065978156
2018-11-14,-0.8179618512698595
2018-11-15,0.828952479549799
2018-11-16,0.48893621686786487
2018-11-19,-1.569637893564762
2018-11-20,-2.2303450033565286
2018-11-21,-0.003887862083096175
2018-11-23,-0.7332869482882113
2018-11-26,1.4482926728109258
2018-11-27,0.43933051176851873
2018-11-28,2.465244050021552
2018-11-29,-0.1088243755644577
2018-11-30,0.7847197671566056
2018-12-03,1.1212786150229321
2018-12-04,-3.144032252395908
2018-12-06,-0.3177623617985977
2018-12-07,-2.2650299093930997
2018-12-10,0.14058184720431718
2018-12-11,-0.21732219298526098
2018-12-12,0.6422815290552144
2018-12-13,0.2854427468558358
2018-12-14,-2.0406975765450146
2018-12-17,-2.128376235018058
2018-12-18,0.34974678168091916
2018-12-19,-1.4978395146767018
2018-12-20,-2.009715938059521
2018-12-21,-1.828682476170242
2018-12-24,-2.953224679620719
2018-12-26,4.8643313558830785
2018-12-27,1.131635470714985
2018-12-28,-0.33081373351392057
2018-12-31,1.1427644913136197
2019-01-02,0.08047057514990619
2019-01-03,-2.8678230656188544
2019-01-04,3.2394397224324933
2019-01-07,0.4181438140437605
2019-01-08,1.0824539773874309
2019-01-09,0.3846303102750725
2019-01-10,0.512942295760655
2019-01-11,-0.024879034268394783
2019-01-14,-0.3594950398376947
2019-01-15,0.6492929743062935
2019-01-16,0.5865450730530056
2019-01-17,0.6708491379958746
2019-01-18,1.3703324797111216
2019-01-22,-1.22935385923196
2019-01-23,0.6988118427086196
2019-01-24,-0.09110289993507903
2019-01-25,0.7464321297931809
2019-01-28,-0.8483831839762321
2019-01-29,0.21071948417347158
2019-01-30,1.7538508359252487
2019-01-31,-0.06074016413044851
2019-02-01,0.25655681557314874
2019-02-04,0.6976853120389647
2019-02-05,0.6797553133381183
2019-02-06,-0.08353539736715597
2019-02-07,-0.8733134077992369
2019-02-08,-0.25140993241781706
2019-02-11,-0.212206211540529
2019-02-12,1.476487753430571
2019-02-13,0.4611034404624448
2019-02-14,-0.40750737480015276
2019-02-15,1.7297256581165206
2019-02-19,0.031174812332201762
2019-02-20,0.24348827018690616
2019-02-21,-0.40076668969397883
2019-02-22,0.6984267474077932
2019-02-25,0.23075349449283747
2019-02-26,-0.13027344430809232
2019-02-27,-0.27984613975690037
2019-02-28,-0.26650732652842474
2019-03-01,0.4247807095253574
2019-03-04,-0.7972500610785636
2019-03-05,-0.05043761127384688
2019-03-06,-0.5173658953217033
2019-03-07,-0.7829694791840233
2019-03-08,-0.09029327977662835
2019-03-11,0.7852730106607394
2019-03-12,-0.37582189142014794
2019-03-13,0.5783767648170067
2019-03-14,0.02742050246388697
2019-03-15,0.5389186737923183
2019-03-18,0.25203540235377014
2019-03-19,-0.10315825774725822
2019-03-20,-0.5489169870065825
2019-03-21,0.8387110749881913
2019-03-22,-1.7884124673776647
2019-03-25,0.05687968500103467
2019-03-26,0.5506671485507338
2019-03-27,-0.12534535210388367
2019-03-28,0.357871962819733
2019-03-29,0.8179504801822085
2019-04-01,1.2637016617699086
2019-04-02,-0.3024135252168144
2019-04-03,0.14886276848350558
2019-04-04,0.6330487244431495
2019-04-05,0.152848598500197
2019-04-08,-0.3182760052653913
2019-04-09,-0.725602915871925
2019-04-10,0.025159099323444165
2019-04-11,-0.05395532862822754
2019-04-12,1.024642962852405
2019-04-15,-0.10429083406494656
2019-04-16,0.2569794282693483
2019-04-17,-0.011799485842606115
2019-04-18,0.41502384792138497
2019-04-22,-0.18273132024693337
2019-04-23,0.5467263495655592
2019-04-24,-0.22285834208163458
2019-04-25,-0.5087568984391514
2019-04-26,0.30657271926544116
2019-04-29,0.04166109915271212
2019-04-30,0.1449538826183994
2019-05-01,-0.6139595521050301
2019-05-02,-0.46399918517532673
2019-05-03,0.746642111720921
2019-05-06,-0.25109361186085366
2019-05-07,-1.8067604930147683
2019-05-08,0.008627498505785076
2019-05-09,-0.5366123631800127
2019-05-10,0.44044174458856367
2019-05-13,-2.4085841753599677
2019-05-14,0.814289179486561
2019-05-15,0.4531801061031077
2019-05-16,0.8334633469869547
2019-05-17,-0.3822822163751256
2019-05-20,-0.3269568740149693
2019-05-21,0.7658698915163545
2019-05-22,-0.3899831526647907
2019-05-23,-1.116278292776332
2019-05-24,0.3728505041006264
2019-05-28,-0.9342450213077056
2019-05-29,-0.8771248807029524
2019-05-30,0.17285852722510398
2019-05-31,-1.419819251153203
2019-06-03,0.019100440159115818
2019-06-04,2.043462434153305
2019-06-05,0.8153514433424885
2019-06-06,0.7065539715880196
2019-06-07,1.018406773735155
2019-06-10,0.3025760203019228
2019-06-11,-0.05438341505132267
2019-06-12,-0.1678266865618599
2019-06-13,0.39123567081961713
2019-06-14,-0.06575228867530203
2019-06-17,0.08781220053782857
2019-06-18,1.3428225155583622
2019-06-19,0.14521910116557457
2019-06-20,0.9357303075979287
2019-06-21,-0.127314765216818
2019-06-24,0.031463899272515645
2019-06-25,-0.6731730803361348
2019-06-26,-0.0429514250423486
2019-06-27,-0.03859622424020214
2019-06-28,0.276249515359349
2019-07-01,0.44064024398463375
2019-07-02,0.25885876609496555
2019-07-03,0.6672075839549296
2019-07-05,-0.16285915995432643
2019-07-08,-0.43172325427860625
2019-07-09,-0.084532741168631
2019-07-10,0.2859946340098744
2019-07-11,0.8448173609833558
2019-07-12,0.896546719933539
2019-07-15,0.09921474325875299
2019-07-16,-0.08603853452796298
2019-07-17,-0.42445386909778254
2019-07-18,0.011465584389283506
2019-07-19,-0.2529426269901429
2019-07-22,0.06516636618016326
2019-07-23,0.650352690639377
2019-07-24,-0.2900769814914384
2019-07-25,-0.4741342440887785
2019-07-26,0.1894552421626212
2019-07-29,0.10622450174375801
2019-07-30,-0.0857418228939922
2019-07-31,-1.2347025838750707
2019-08-01,-1.0509423220467118
2019-08-02,-0.37088065214716853
2019-08-05,-2.9397868459608842
2019-08-06,1.2050225307138163
2019-08-07,-0.08628244168241046
2019-08-08,1.4169075467846244
2019-08-09,-0.3446273848921598
2019-08-12,-1.4985751365997284
2019-08-13,1.469928849570087
2019-08-14,-3.093371047126947
2019-08-15,0.39159091174656685
2019-08-16,1.191568573044128
2019-08-19,0.9602944226482316
2019-08-20,-0.6654746391778338
2019-08-21,0.92127645914479
2019-08-22,0.18877059566868334
2019-08-23,-2.403069141649037
2019-08-26,1.0477160714896054
2019-08-27,-0.4680246104854854
2019-08-28,0.9966470683678973
2019-08-29,1.2449041057226047
2019-08-30,0.1555155636298027
2019-09-03,-1.0862738622886652
2019-09-04,0.9050390648909606
2019-09-05,1.404146149076625
2019-09-06,0.25898101448891614
2019-09-09,0.14188598546525708
2019-09-10,0.27507694394367627
2019-09-11,0.8422778615294823
2019-09-12,0.16719659284506333
2019-09-13,0.13628300258003012
2019-09-16,-0.5256322901791609
2019-09-17,0.12541784458624594
2019-09-18,0.13372915310015834
2019-09-19,-0.1928068949413747
2019-09-20,-0.591225729964408
2019-09-23,0.05537684139112579
2019-09-24,-0.5291181609983433
2019-09-25,0.6059743727857507
2019-09-26,-0.295540848471065
2019-09-27,-0.26388894152231546
2019-09-30,0.3594545218132295
2019-10-01,-1.2854611729943854
2019-10-02,-1.8781344105433546
2019-10-03,0.4683280259922473
2019-10-04,1.41237151035763
2019-10-07,-0.36078468024049204
2019-10-08,-1.1929024071477767
2019-10-09,0.6930918391391427
2019-10-10,0.5702230294618108
2019-10-11,1.2001658250588063
2019-10-14,-0.1090608885103207
2019-10-15,0.8824880715585052
2019-10-16,-0.08447778427348905
2019-10-17,0.08847432267915613
2019-10-18,-0.9505657865069033
2019-10-21,0.21434232576984588
2019-10-22,-0.14749781545794852
2019-10-23,0.1710103270977745
2019-10-24,-0.10596644606113903
2019-10-25,0.5674162000188973
2019-10-28,0.49089144872225665
2019-10-29,-0.071118872443411
2019-10-30,0.4247424139161224
2019-10-31,-0.5179853809473682
2019-11-01,1.1072333470039037
2019-11-04,0.41872388211742745
2019-11-05,0.11107863446562281
2019-11-06,-0.00025575067832743476
2019-11-07,0.6606837553604527
2019-11-08,0.02326558415630322
2019-11-11,0.03702183378100131
2019-11-12,0.0
2019-11-13,0.3320398775888859
2019-11-14,-0.005863007664148737
2019-11-15,0.7992237163662504
2019-11-18,0.11181106386544959
2019-11-19,-0.36519866641682747
2019-11-20,-0.40509235188323683
2019-11-21,-0.19716993347011377
2019-11-22,0.3929779633943446
2019-11-25,0.6823209625380523
2019-11-26,0.19651475180575279
2019-11-27,0.1503768656963781
2019-11-29,-0.40056630017347594
2019-12-02,-0.9613174814224129
2019-12-03,-1.013752768609526
2019-12-04,0.5329544751817349
2019-12-05,0.10125067429663498
2019-12-06,1.2111989595886907
2019-12-09,-0.37715405767773236
2019-12-10,-0.09993994913293715
2019-12-11,0.10603505639068739
2019-12-12,0.7877870809123921
2019-12-13,0.011836609675584035
2019-12-16,0.356599627746357
2019-12-17,0.11068264106066446
2019-12-18,-0.09868206847715587
2019-12-19,0.4863689692757557
2019-12-20,0.2749468104508876
2019-12-23,0.33834507844861356
2019-12-24,-0.12644819778757452
2019-12-26,0.37083439667614654
2019-12-27,0.08336140439307764
2019-12-30,-0.641317121753067
2019-12-31,0.26771262183622585
2020-01-02,1.1509522968102455
2020-01-03,-0.8135869061216062
2020-01-06,0.23893306331575814
2020-01-07,-0.41790011544619093
2020-01-08,0.5631049962478505
2020-01-09,0.7341566464915119
2020-01-10,-0.46081533890809767
2020-01-13,0.28851593419118504
2020-01-14,0.1127778504497159
2020-01-15,0.3124065059293531
2020-01-16,0.91696074412238
2020-01-17,0.17208068863941312
2020-01-21,-0.5194743394477502
2020-01-22,-0.03346743757314431
2020-01-23,-0.08973889557916881
2020-01-24,-0.5859342693783216
2020-01-27,-1.5782178784170462
2020-01-28,0.6533492921002163
2020-01-29,0.04037645266717234
2020-01-30,0.4340406021638292
2020-01-31,-2.113026893013388
2020-02-03,0.5075613001905994
2020-02-04,1.4257838180832467
2020-02-05,1.6634854784824156
2020-02-06,0.3031159079617996
2020-02-07,-0.9481909605638938
2020-02-10,0.5971670611725427
2020-02-11,-0.0016411368702503055
2020-02-12,0.9352118256477412
2020-02-13,-0.43445582706031294
2020-02-14,-0.085786718162397
2020-02-18,-0.5658888114253149
2020-02-19,0.39549184763403256
2020-02-20,-0.4372661207495149
2020-02-21,-0.7818660919582502
2020-02-24,-3.6230519781666826
2020-02-25,-3.1957911930338456
2020-02-26,-0.4580760709244994
2020-02-27,-4.518422830884281
2020-02-28,-1.3963070768688741
2020-03-02,4.967032846464836
2020-03-03,-2.9872964267297415
2020-03-04,4.428142887362915
2020-03-05,-3.6446097670327076
2020-03-06,-0.986811035204928
2020-03-09,-8.105520646976174
2020-03-10,4.777500335067249
2020-03-11,-6.033939608365496
2020-03-12,-10.523218533124403
2020-03-13,8.950183585054658
2020-03-16,-13.841811904491319
2020-03-17,5.064877426110395
2020-03-18,-6.509742208988918
2020-03-19,0.9416816261771883
2020-03-20,-4.652809521431456
2020-03-23,-3.082657722848049
2020-03-24,10.76432789646575
2020-03-25,2.3656283829666123
2020-03-26,6.1804126865172515
2020-03-27,-4.1436676564623545
2020-03-30,3.142361592478038
2020-03-31,-1.8548329042207157
2020-04-01,-4.544109679013244
2020-04-02,2.2189934758055054
2020-04-03,-1.6998027207870168
2020-04-06,7.446233874504371
2020-04-07,-0.11528190301125277
2020-04-08,3.383939376010275
2020-04-09,1.2122354674438864
2020-04-13,-1.395049761519231
2020-04-14,2.3616813078194996
2020-04-15,-1.8772799360022356
2020-04-16,0.1417034264906157
2020-04-17,2.9504360317049514
2020-04-20,-2.4725192072919064
2020-04-21,-2.7066910194101124
2020-04-22,1.9656182474562425
2020-04-23,0.16785935679735287
2020-04-24,1.0996382976755628
2020-04-27,1.4966544587120425
2020-04-28,-0.13363035090126177
2020-04-29,2.1845707733392423
2020-04-30,-1.176580098993184
2020-05-01,-2.5881989036731814
2020-05-04,0.10983113950942798
2020-05-05,0.5598255298059445
2020-05-06,-0.9188693281654997
2020-05-07,0.8887212021633518
2020-05-08,1.8895232838711349
2020-05-11,-0.45035142475883677
2020-05-12,-1.9056284801973589
2020-05-13,-2.1986776487015987
2020-05-14,1.6102011558894906
2020-05-15,0.2539807465311765
2020-05-18,3.777982605389903
2020-05-19,-1.600345346863079
2020-05-20,1.5130265593643544
2020-05-21,-0.41501062408299616
2020-05-22,-0.03661265390007431
2020-05-26,2.1430109669762376
2020-05-27,2.1889404906686134
2020-05-28,-0.579519047469245
2020-05-29,-0.0690427575608964
2020-06-01,0.36143782039978034
2020-06-02,1.0450818854394666
2020-06-03,2.027427554838888
2020-06-04,0.045401710018961025
2020-06-05,3.1061371875267083
2020-06-08,1.6877874110682298
2020-06-09,-1.094513956571767
2020-06-10,-1.0405498508697835
2020-06-11,-7.147654074027435
2020-06-12,1.8819173244141019
2020-06-15,0.6136872875128756
2020-06-16,2.024232524093697
2020-06-17,-0.6501546544867612
2020-06-18,-0.1513792852054902
2020-06-19,-0.803208956042271
2020-06-22,0.5915646670679909
2020-06-23,0.5026304432613613
2020-06-24,-2.7526237680266568
2020-06-25,1.1707543258614777
2020-06-26,-2.876606081330164
2020-06-29,2.2930643311426606
2020-06-30,0.8445319406637
2020-07-01,-0.30228307568125956
2020-07-02,0.35835762505851687
2020-07-06,1.764126395205161
2020-07-07,-1.5211900740465572
2020-07-08,0.6817126884263981
2020-07-09,-1.3952938313011327
2020-07-10,1.426061332357901
2020-07-13,0.04025988649508159
2020-07-14,2.111992238381051
2020-07-15,0.8503072401601172
2020-07-16,-0.5051373500971722
2020-07-17,-0.23503341140621198
2020-07-20,0.03343749114816961
2020-07-21,0.596143267369265
2020-07-22,0.6144903450460099
2020-07-23,-1.3176553761272798
2020-07-24,-0.6868695170690051
2020-07-27,0.4330593597191651
2020-07-28,-0.7759650933237258
2020-07-29,0.6058011730211954
2020-07-30,-0.8549007792688043
2020-07-31,0.4348343492997091
2020-08-03,0.8893182754068923
2020-08-04,0.6134306259440243
2020-08-05,1.380917355884907
2020-08-06,0.6794898232057384
2020-08-07,0.16964472883584147
2020-08-10,1.2963857553102562
2020-08-11,-0.3768295967866413
2020-08-12,1.0417275494989033
2020-08-13,-0.28678750648374024
2020-08-14,0.12287379820986911
2020-08-17,-0.3087691909223251
2020-08-18,-0.24033187491441088
2020-08-19,-0.3071500246496549
2020-08-20,0.16903270261830317
2020-08-21,0.6847499436580717
2020-08-24,1.3447535085349638
2020-08-25,-0.2122517552903788
2020-08-26,0.29508659983224106
2020-08-27,0.5643724496004138
2020-08-28,0.5655676617296775
2020-08-31,-0.7841770734229332
2020-09-01,0.755524187328073
2020-09-02,1.575340244045852
2020-09-03,-2.8150458404737773
2020-09-04,-0.5650594767409837
2020-09-08,-2.273591247653728
2020-09-09,1.5857810101622423
2020-09-10,-1.4633528491868406
2020-09-11,0.4748560475928862
2020-09-14,1.1775037705385518
2020-09-15,0.008107071393967047
2020-09-16,0.13129602379417138
2020-09-17,-0.46626304036376487
2020-09-18,-0.8803627277672615
2020-09-21,-1.8601744108473812
2020-09-22,0.5161330483911939
2020-09-23,-1.9428403797994556
2020-09-24,0.1952594481873194
2020-09-25,1.3281375673007074
2020-09-28,1.4978893172993808
2020-09-29,-0.47750170655357826
2020-09-30,1.1914430024059162
2020-10-01,0.12662612665007325
2020-10-02,-0.48321010107044565
2020-10-05,1.668740031814239
2020-10-06,-1.3443387241521583
2020-10-07,1.892841601349033
2020-10-08,0.43028813997937776
2020-10-09,0.5661611416062285
2020-10-12,0.8728716187182866
2020-10-13,-0.5483890834056986
2020-10-14,-0.5798215220335783
2020-10-15,-0.06946643576750733
2020-10-16,0.39268116045472573
2020-10-19,-1.446779134308249
2020-10-20,0.40127733770100843
2020-10-21,-0.34667206373248227
2020-10-22,0.5403150477662931
2020-10-23,-0.09908369413796667
2020-10-26,-2.321340984572472
2020-10-27,-0.8057964413037191
2020-10-28,-3.4949292165368613
2020-10-29,0.523365691594908
2020-10-30,-0.5925813614994608
2020-11-02,1.5852015278320402
2020-11-03,2.0402424403174755
2020-11-04,1.3289413440337383
2020-11-05,1.9294352807924322
2020-11-06,-0.23549678100189209
2020-11-09,2.90399810111921
2020-11-10,0.8977670353702962
2020-11-11,-0.07918951897899748
2020-11-12,-1.0857592179273703
2020-11-13,1.3649144899787546
2020-11-16,1.5838356542424665
2020-11-17,-0.5594497927421678
2020-11-18,-1.1648878130345852
2020-11-19,0.1521021737071141
2020-11-20,-0.7481304789370093
2020-11-23,1.1139031319571673
2020-11-24,1.525816660528214
2020-11-25,-0.5800192150234373
2020-11-27,0.12678702676503595
2020-11-30,-0.9126277756433947
2020-12-01,0.6231816954705585
2020-12-02,0.20054080690022216
2020-12-03,0.28646879977966616
2020-12-04,0.8265520124380915
2020-12-07,-0.4925387573896469
2020-12-08,0.34556958630579165
2020-12-09,-0.3488237878716541
2020-12-10,-0.23157331996638666
2020-12-11,0.15691195353905915
2020-12-14,-0.6170100579491532
2020-12-15,1.1247368712081824
2020-12-16,-0.14836333681192926
2020-12-17,0.49234379153374136
2020-12-18,-0.4110898162205605
2020-12-21,0.12384512846164623
2020-12-22,-0.6672211960941193
2020-12-23,0.38014732469410845
2020-12-24,0.2321877777370219
2020-12-28,0.6735623837575352
2020-12-29,-0.22489698435883315
2020-12-30,0.2432805370019563
2020-12-31,0.6454715917065936
2021-01-04,-1.257907462087929
2021-01-05,0.5533549647660873
2021-01-06,1.4302551228400646
2021-01-07,0.6844334160799298
2021-01-08,0.18294393762899197
2021-01-11,-0.2875096206320003
2021-01-12,0.19330719093165558
2021-01-13,-0.026456980996594662
2021-01-14,-0.22223686941634518
2021-01-15,-0.5736041310717335
2021-01-19,0.37658213161612814
2021-01-20,0.8302233543656069
2021-01-21,-0.03967358227439148
2021-01-22,-0.5759085770940695
2021-01-25,-0.11937467856484242
2021-01-26,-0.07419074935073762
2021-01-27,-2.070181630110136
2021-01-28,0.9857461502382351
2021-01-29,-2.0491934641313874
2021-02-01,0.7618370881817567
2021-02-02,1.5618546428521187
2021-02-03,0.11763071010600122
2021-02-04,1.0756422106507335
2021-02-05,0.29702520532731647
2021-02-08,0.7596529039100411
2021-02-09,-0.031642562298281565
2021-02-10,0.19731616333390983
2021-02-11,-0.022591798850627075
2021-02-12,0.08809531012077605
2021-02-16,0.20434568555202062
2021-02-17,0.28595388456044313
2021-02-18,-0.3792956277827501
2021-02-19,0.0031132089925147177
2021-02-22,0.08686409199094794
2021-02-23,0.049668237273373536
2021-02-24,1.3370752070088567
2021-02-25,-1.7671401256638903
2021-02-26,-1.5068715525287764
2021-03-01,1.9311024444130347
2021-03-02,-0.45764272456845867
2021-03-03,-0.38757331869976974
2021-03-04,-1.1124915740028127
2021-03-05,1.8332974532853146
2021-03-08,0.9672895786685496
2021-03-09,0.09523280578086855
2021-03-10,1.447962413262843
2021-03-11,0.582165018971199
2021-03-12,0.89805012232094
2021-03-15,0.5319188662402916
2021-03-16,-0.38769541460989154
2021-03-17,0.5753906413381703
2021-03-18,-0.46471158926769884
2021-03-19,-0.7156210314686112
2021-03-22,0.31588100517060136
2021-03-23,-0.9456041702866155
2021-03-24,-0.009530199716102571
2021-03-25,0.6132286411979155
2021-03-26,1.3803907830371294
2021-03-29,0.2973609334401447
2021-03-30,-0.3152562557746771
2021-03-31,-0.2586287007401015
2021-04-01,0.5191234905615746
2021-04-05,1.121722056166309
2021-04-06,-0.2895965188972317
2021-04-07,0.04791948683503486
2021-04-08,0.17119866027561492
2021-04-09,0.8826590393009117
2021-04-12,-0.16345346072463426
2021-04-13,-0.20209502676303043
2021-04-14,0.15909380981669033
2021-04-15,0.9004390421705166
2021-04-16,0.4826845660734209
2021-04-19,-0.3604164149842623
2021-04-20,-0.7550320568939056
2021-04-21,0.9300075238918383
2021-04-22,-0.9459819989555214
2021-04-23,0.6707714528279577
2021-04-26,-0.18204463804899976
2021-04-27,0.009885384719642957
2021-04-28,-0.48536348465941037
2021-04-29,0.7070679389597068
2021-04-30,-0.5461329140551282
2021-05-03,0.7012402055181856
2021-05-04,0.0580274473852092
2021-05-05,0.2846806935099633
2021-05-06,0.9252657720653112
2021-05-07,0.6613112986413123
2021-05-10,-0.10052104908011793
2021-05-11,-1.3727112040554288
2021-05-12,-2.0087086652057016
2021-05-13,1.283244282380421
2021-05-14,1.0545735765755686
2021-05-17,-0.15817179436543152
2021-05-18,-0.7812145701938985
2021-05-19,-0.4844891457490409
2021-05-20,0.5534255259807643
2021-05-21,0.36224319900384727
2021-05-24,0.5426709698349665
2021-05-25,-0.23729818583184903
2021-05-26,0.030858206105982285
2021-05-27,0.4116726141574181
2021-05-28,0.187867143281663
2021-06-01,0.13272423834109803
2021-06-02,0.07248301969565689
2021-06-03,-0.06747821853124124
2021-06-04,0.5173607114345952
2021-06-07,-0.3636218814440227
2021-06-08,-0.08787503961508937
2021-06-09,-0.4422495480619342
2021-06-10,0.0554251062478553
2021-06-11,0.03876457650708004
2021-06-14,-0.2493028290844967
2021-06-15,-0.2749096038308624
2021-06-16,-0.7775381979053935
2021-06-17,-0.6196057994158723
2021-06-18,-1.58949274293897
2021-06-21,1.7475997207234535
2021-06-22,0.2023203243309962
2021-06-23,-0.21038060508797105
2021-06-24,0.9477873642873211
2021-06-25,0.6907130807988314
2021-06-28,-0.43823308297576646
2021-06-29,0.02630538193773455
2021-06-30,0.6111604604133946
2021-07-01,0.3790199220893921
2021-07-02,0.44027893211943164
2021-07-06,-0.6025659900076794
2021-07-07,0.3015284841107991
2021-07-08,-0.7520886128387454
2021-07-09,1.2937601445373836
2021-07-12,0.3607450116802788
2021-07-13,-0.30733564441926847
2021-07-14,0.12729913156286063
2021-07-15,0.15385835465681486
2021-07-16,-0.8587595573785464
2021-07-19,-2.1146123884423424
2021-07-20,1.6063347384931443
2021-07-21,0.8253163773588161
2021-07-22,0.07282697922844622
2021-07-23,0.681692706713452
2021-07-26,0.23575767483955132
2021-07-27,-0.2444035589306089
2021-07-28,-0.3645977687021626
2021-07-29,0.43876540085579646
2021-07-30,-0.4257718514303189
2021-08-02,-0.27892674743705576
2021-08-03,0.7954871107311144
2021-08-04,-0.9261427022099757
2021-08-05,0.777530660974239
2021-08-06,0.4105770653591369
2021-08-09,-0.3033983415533065
2021-08-10,0.4627785916692621
2021-08-11,0.6227525257160907
2021-08-12,0.041932381183908976
2021-08-13,0.04372961657647213
2021-08-16,0.30930114364332567
2021-08-17,-0.7950512107822765
2021-08-18,-1.0883982970556616
2021-08-19,-0.1905962675154607
2021-08-20,0.6454628297123012
2021-08-23,0.6121100583616084
2021-08-24,0.0864213034054351
2021-08-25,0.11088684050712949
2021-08-26,-0.5448403811038963
2021-08-27,0.6868100857071967
2021-08-30,-0.15795764075204366
2021-08-31,-0.11054003326888258
2021-09-01,-0.1364001746932316
2021-09-02,0.371102269332468
2021-09-03,-0.21106461047204975
2021-09-07,-0.7637139978804344
2021-09-08,-0.19657395613376796
2021-09-09,-0.43395986151120197
2021-09-10,-0.7819049851392809
2021-09-13,0.7539475980185473
2021-09-14,-0.8411003433978671
2021-09-15,0.6825610019776563
2021-09-16,-0.18132591166199657
2021-09-17,-0.4801005184207615
2021-09-20,-1.7924979691603993
2021-09-21,-0.1491491692532762
2021-09-22,0.9929374712923636
2021-09-23,1.4676500867458502
2021-09-24,0.09539489591458758
2021-09-27,0.20489109204984393
2021-09-28,-1.646381226770594
2021-09-29,0.26417116793784023
2021-09-30,-1.6027301522638766
2021-10-01,1.4157089982476057
2021-10-04,-0.9470054232786587
2021-10-05,0.9126555746299818
2021-10-06,0.2977273692981088
2021-10-07,0.9771472779498889
2021-10-08,-0.025010812388820258
2021-10-11,-0.7226578667047585
2021-10-12,-0.3418363493584198
2021-10-13,-0.001545316345033243
2021-10-14,1.5435352378231677
2021-10-15,1.0887950118554675
2021-10-18,-0.10248226655557068
2021-10-19,0.5619660958297968
2021-10-20,0.42785606263205145
2021-10-21,-0.01758603048385633
2021-10-22,0.20746726001566418
2021-10-25,0.17958714234597717
2021-10-26,0.04400252591077883
2021-10-27,-0.7472219399448344
2021-10-28,0.6733670964292197
2021-10-29,0.24899545042859367
2021-11-01,0.26286585145192864
2021-11-02,0.3857052790631417
2021-11-03,0.2906771686733338
2021-11-04,-0.09227123467105296
2021-11-05,0.5623551637807598
2021-11-08,0.2866117699803735
2021-11-09,-0.3085497661937265
2021-11-10,-0.6630944780451413
2021-11-11,-0.44085725390084113
2021-11-12,0.49729149468153233
2021-11-15,-0.03562757876321616
2021-11-16,0.151653865474467
2021-11-17,-0.5859830541153523
2021-11-18,-0.16740919901016135
2021-11-19,-0.7526486486187133
2021-11-22,0.04849545978015958
2021-11-23,0.5447093751765052
2021-11-24,-0.02631140611355657
2021-11-26,-2.560228836610828
2021-11-29,0.6756664880839105
2021-11-30,-1.8737285900421952
2021-12-01,-1.3478770017165556
2021-12-02,1.7994471915080377
2021-12-03,-0.17252547494515336
2021-12-06,1.8535981626330658
2021-12-07,1.3881068552601514
2021-12-08,0.09883377613995722
2021-12-09,-0.000163876961830698
2021-12-10,0.6031243805792896
2021-12-13,-0.8936959925271397
2021-12-14,-0.29993515829747286
2021-12-15,1.0724640923279116
2021-12-16,-0.08294893155949332
2021-12-17,-1.4936460728862533
2021-12-20,-1.232721251213251
2021-12-21,1.5919120180009263
2021-12-22,0.7332072368480055
2021-12-23,0.5485530230119406
2021-12-27,0.9738651610889943
2021-12-28,0.2636349635165013
2021-12-29,0.24810518695932235
2021-12-30,-0.2484700750647757
2021-12-31,-0.16436715191774257
2022-01-03,0.6767618947349127
2022-01-04,0.5848369887220902
2022-01-05,-1.0724223728755764
2022-01-06,-0.4698032317853238
2022-01-07,-0.013270920140015408
2022-01-10,-0.45031297771744816
2022-01-11,0.5064894180504828
2022-01-12,0.10559566976037248
2022-01-13,-0.48809378638300244
2022-01-14,-0.5603938192961185
2022-01-18,-1.5245461654471821
2022-01-19,-0.9654456477342435
2022-01-20,-0.8983130982350507
2022-01-21,-1.3047867392374344
2022-01-24,0.288879969049698
2022-01-25,-0.19448698896202224
2022-01-26,-0.3787021884653374
2022-01-27,-0.021392403125884574
2022-01-28,1.6395148494377663
2022-01-31,1.1635005816460102
2022-02-01,0.7751389953415304
2022-02-02,0.6309339198163515
2022-02-03,-1.4650089332484597
2022-02-04,-0.06103020372022097
2022-02-07,0.0039629746850070695
2022-02-08,1.0535370201869858
2022-02-09,0.8571546075086867
2022-02-10,-1.4828362292339217
2022-02-11,-1.4391039435257342
2022-02-14,-0.4960363026313083
2022-02-15,1.215363669746584
2022-02-16,-0.15608666166859658
2022-02-17,-1.7972224444164964
2022-02-18,-0.6809426505290339
2022-02-22,-1.4261481050036757
2022-02-23,-1.3932759585199095
2022-02-24,0.27749422631934506
2022-02-25,2.481964152288698
2022-02-28,-0.4890227045966322
2022-03-01,-1.7791037203884092
2022-03-02,1.7754155318348823
2022-03-03,-0.2857059222942002
2022-03-04,-0.5336337045633539
2022-03-07,-2.4008249645025894
2022-03-08,-0.5645186149005793
2022-03-09,1.9831365175780324
2022-03-10,-0.33758427136297153
2022-03-11,-0.6953595770418444
2022-03-14,0.0031776720638053246
2022-03-15,1.8021404061869113
2022-03-16,1.5346591718042584
2022-03-17,1.2186804344579367
2022-03-18,0.7919886297644776
2022-03-21,-0.5827385488865686
2022-03-22,0.7337720585570237
2022-03-23,-1.298231780704643
2022-03-24,1.0119078988477066
2022-03-25,0.4407041273152211
2022-03-28,0.2711437815399063
2022-03-29,0.9631402174610251
2022-03-30,-0.18542271665424376
2022-03-31,-1.5748555852216923
2022-04-01,0.40266175706472745
2022-04-04,0.29712999914301025
2022-04-05,-0.8070396786695742
2022-04-06,-0.418492943417413
2022-04-07,0.252051350491441
2022-04-08,0.39694560085260244
2022-04-11,-1.1967338546126833
2022-04-12,-0.2560069982881133
2022-04-13,1.0008972788156556
2022-04-14,-0.32850287493222297
2022-04-18,-0.11483412486256504
2022-04-19,1.4411299154218582
2022-04-20,0.7123842362978781
2022-04-21,-1.0522146057288155
2022-04-22,-2.861139104071281
2022-04-25,0.7016223454622537
2022-04-26,-2.405482523863701
2022-04-27,0.18559681472503584
2022-04-28,1.828305291981738
2022-04-29,-2.808165154445195
2022-05-02,0.25527181580309144
2022-05-03,0.20332011427542998
2022-05-04,2.7752090457163563
2022-05-05,-3.17087484726208
2022-05-06,-0.29924646445819814
2022-05-09,-2.006886510639751
2022-05-10,-0.26382155068305024
2022-05-11,-1.020812449022079
2022-05-12,-0.3266251847035757
2022-05-13,1.459064036864365
2022-05-16,0.08307896274486165
2022-05-17,1.3291908043612737
2022-05-18,-3.6313155024210815
2022-05-19,-0.7552709298161326
2022-05-20,0.02805575277553112
2022-05-23,1.9586273284542297
2022-05-24,0.1516369858166451
2022-05-25,0.5984825125834511
2022-05-26,1.596483448714788
2022-05-27,1.748777047652725
2022-05-31,-0.6732033570313599
2022-06-01,-0.5376353844826255
2022-06-02,1.3171272027664473
2022-06-03,-1.0539558594175196
2022-06-06,0.04887005748656243
2022-06-07,0.7999306982081446
2022-06-08,-0.8147660583755976
2022-06-09,-1.9579431127603981
2022-06-10,-2.7646212437832323
2022-06-13,-2.830282566188457
2022-06-14,-0.49903598323902876
2022-06-15,0.9951991122251331
2022-06-16,-2.4473592051950672
2022-06-17,-0.12802968144892127
2022-06-21,2.1234859768551786
2022-06-22,-0.1544551353449431
2022-06-23,0.6351458852878349
2022-06-24,2.6484220100177907
2022-06-27,-0.19835079167928849
2022-06-28,-1.5749866723255428
2022-06-29,0.2656510952536417
2022-06-30,-0.8215625093360716
2022-07-01,1.0403070674293249
2022-07-05,-0.4171093975160166
2022-07-06,0.2253329287215081
2022-07-07,1.1113818314715513
2022-07-08,-0.14795408431858428
2022-07-11,-0.5256941097480892
2022-07-12,-0.6194509047202814
2022-07-13,-0.6753940020691148
2022-07-14,-0.464535909842261
2022-07-15,2.125747143006524
2022-07-18,-0.6916236198126863
2022-07-19,2.3989878059023853
2022-07-20,0.150039727224177
2022-07-21,0.5071396698562298
2022-07-22,-0.43046525542794306
2022-07-25,0.2840851944948861
2022-07-26,-0.7168480693841195
2022-07-27,1.3635505824458176
2022-07-28,1.0259792546583806
2022-07-29,0.9652058298261061
2022-08-01,-0.14237649478907585
2022-08-02,-1.2339482550114422
2022-08-03,1.2769336828990585
2022-08-04,-0.2614605580329022
2022-08-05,0.2339329600134595
2022-08-08,0.08858038558308505
2022-08-09,-0.177203549785902
2022-08-10,1.6194960669939407
2022-08-11,0.0815055155119829
2022-08-12,1.2649745725729178
2022-08-15,0.4474155911037011
2022-08-16,0.7039542399258584
2022-08-17,-0.5039949890464318
2022-08-18,0.0550718648872279
2022-08-19,-0.8634494979416426
2022-08-22,-1.9264503438859815
2022-08-23,-0.4669163020433802
2022-08-24,0.18106165535622767
2022-08-25,0.973584075069482
2022-08-26,-3.075737888297924
2022-08-29,-0.5728605563540148
2022-08-30,-0.9645458155461495
2022-08-31,-0.8860522392517214
2022-09-01,0.46223769340344784
2022-09-02,-1.0733925162950166
2022-09-06,-0.554366788274033
2022-09-07,1.390114161587934
2022-09-08,0.6100178269068829
2022-09-09,1.1800970614774147
2022-09-12,0.7116659529780965
2022-09-13,-4.021469004174644
2022-09-14,0.09678378430685554
2022-09-15,-0.5580631322813618
2022-09-16,-0.45124979005242394
2022-09-19,0.6379486979731737
2022-09-20,-1.0156250828680835
2022-09-21,-1.7160910156130047
2022-09-22,-0.35545604512841816
2022-09-23,-1.6299782630634256
2022-09-26,-1.1201230887033182
2022-09-27,-0.4309231332324313
2022-09-28,1.8659563628258848
2022-09-29,-1.5554070742312993
2022-09-30,-1.7259788308307582
2022-10-03,2.6295853299435534
2022-10-04,2.7604768397595922
2022-10-05,-0.14012558536057695
2022-10-06,-1.1525876023112458
2022-10-07,-2.128113810038486
2022-10-10,-0.32105577318657513
2022-10-11,0.12425500406589812
2022-10-12,-0.09697117889161586
2022-10-13,2.7947037314787835
2022-10-14,-1.3536878142531124
2022-10-17,1.8421926643444382
2022-10-18,1.1134444736717704
2022-10-19,-0.32811892674927157
2022-10-20,-0.29698693116586333
2022-10-21,2.439123358367386
2022-10-24,1.3328547200661949
2022-10-25,1.0645521176702657
2022-10-26,0.007441253287163397
2022-10-27,0.6079951730302193
2022-10-28,2.5535572303519047
2022-10-31,-0.39287207660258117
2022-11-01,-0.24393557795185702
2022-11-02,-1.5600068622675414
2022-11-03,-0.45678030230525535
2022-11-04,1.2482857738623225
2022-11-07,1.2993525227163112
2022-11-08,1.0117956065451807
2022-11-09,-1.9700399936346955
2022-11-10,3.628494527908656
2022-11-11,0.09631404703187943
2022-11-14,-0.6276651104138974
2022-11-15,0.16750480184362435
2022-11-16,-0.116442730041996
2022-11-17,-0.0223779312152316
2022-11-18,0.5925567449181659
2022-11-21,-0.1346564111190085
2022-11-22,1.1735527064912097
2022-11-23,0.2810193561886795
2022-11-25,0.44636847937606067
2022-11-28,-1.459251424682803
2022-11-29,0.009070080223340628
2022-11-30,2.154418505787777
2022-12-01,-0.5646414365884417
2022-12-02,0.1013214555555972
2022-12-05,-1.4121283595512264
2022-12-06,-1.038634883504419
2022-12-07,0.0047088284321588104
2022-12-08,0.5448521104788786
2022-12-09,-0.9070203934200605
2022-12-12,1.5666188086382644
2022-12-13,0.30420215988468713
2022-12-14,-0.41803683009513665
2022-12-15,-2.2753671144258822
2022-12-16,-0.8522326051203041
2022-12-19,-0.4961241486606066
2022-12-20,0.28106418427482055
2022-12-21,1.5907696537185294
2022-12-22,-1.051128139847715
2022-12-23,0.5328040046938568
2022-12-27,0.11326249906805012
2022-12-28,-1.10667422505868
2022-12-29,1.044209355107765
2022-12-30,-0.22164523590804402
2023-01-03,-0.0328253229626577
2023-01-04,0.40176590804086065
2023-01-05,-1.026269393998095
2023-01-06,2.105017672798717
2023-01-09,-0.3364526429727521
2023-01-10,0.5547418898096534
2023-01-11,0.7946898395097086
2023-01-12,0.6365853207209478
2023-01-13,0.3289136710371177
2023-01-17,-1.148635809902177
2023-01-18,-1.8268938568670738
2023-01-19,-0.7609218582206362
2023-01-20,0.9964835661886601
2023-01-23,0.758365353114116
2023-01-24,0.3099672584440137
2023-01-25,0.02928046322257548
2023-01-26,0.6073602447329052
2023-01-27,0.08440756806251741
2023-01-30,-0.7710729795813073
2023-01-31,1.0883062957590561
2023-02-01,0.02030500601000848
2023-02-02,-0.1145159476723576
2023-02-03,-0.3763751889734221
2023-02-06,-0.10319587855853486
2023-02-07,0.7808439731807775
2023-02-08,-0.6098764763877225
2023-02-09,-0.7365499611222639
2023-02-10,0.5013855695169316
2023-02-13,1.1059616644499197
2023-02-14,-0.4585058139679766
2023-02-15,0.11369914268168824
2023-02-16,-1.2715242143532324
2023-02-17,0.38457698772432747
2023-02-21,-2.0823341397618917
2023-02-22,-0.2553848279304911
2023-02-23,0.32876753581822044
2023-02-24,-1.021636993025041
2023-02-27,0.21966939061599777
2023-02-28,-0.7090969597761133
2023-03-01,0.01574017142572994
2023-03-02,1.040832770241293
2023-03-03,1.166971981018334
2023-03-06,0.12113499379740102
2023-03-07,-1.7348411073834877
2023-03-08,-0.17687195034599815
2023-03-09,-1.6710975887445179
2023-03-10,-1.0760532102316038
2023-03-13,-0.2840162923562458
2023-03-14,1.0512396242833506
2023-03-15,-0.8771888406903936
2023-03-16,1.1602562007000965
2023-03-17,-1.1997620847161834
2023-03-20,1.1936505369751131
2023-03-21,0.9752986960958718
2023-03-22,-1.6426578103479066
2023-03-23,0.23431897821248998
2023-03-24,0.4111711824757231
2023-03-27,0.6016778825514144
2023-03-28,-0.11671209020674793
2023-03-29,0.9932209558815235
2023-03-30,0.4313483570683535
2023-03-31,1.2554141250827962
2023-04-03,0.9779473779248938
2023-04-04,-0.5933123888228834
2023-04-05,0.24023253371262032
2023-04-06,0.007676239999432837
2023-04-10,0.30185721166079293
2023-04-11,0.2921590294706274
2023-04-12,-0.1137333538699664
2023-04-13,1.1324381392308098
2023-04-14,-0.42176373996911126
2023-04-17,0.2967602706766467
2023-04-18,-0.031048234503231083
2023-04-19,-0.23460425368095633
2023-04-20,-0.32619621109620645
2023-04-21,0.06609853452562195
2023-04-24,0.19631572774247824
2023-04-25,-1.0223782918553963
2023-04-26,-0.6851673795402424
2023-04-27,1.562088783979295
2023-04-28,0.8008956222562225
2023-05-01,-0.13634934869743426
2023-05-02,-1.0841216358414607
2023-05-03,-0.805661363611891
2023-05-04,-0.8611159006048837
2023-05-05,1.6366332378264263
2023-05-08,-0.165507421353561
2023-05-09,-0.16934326506541297
2023-05-10,-0.09086017538490744
2023-05-11,-0.663717634482118
2023-05-12,-0.026694512313377067
2023-05-15,0.14397910471089756
2023-05-16,-1.0140447787556979
2023-05-17,1.2302157435892878
2023-05-18,0.3439260699083999
2023-05-19,-0.3263954699091091
2023-05-22,-0.41985985450111746
2023-05-23,-0.6965934933728689
2023-05-24,-0.7762187965618172
2023-05-25,-0.10759313012737677
2023-05-26,0.998184673093959
2023-05-30,-0.15289255784203448
2023-05-31,-0.40791436579969603
2023-06-01,0.4647610409787577
2023-06-02,2.098688071675576
2023-06-05,-0.5938391000530745
2023-06-06,0.03104698895912006
2023-06-07,0.2728752425577708
2023-06-08,0.49953664855085755
2023-06-09,0.12751921958124648
2023-06-12,0.5579590586550396
2023-06-13,0.42705477934548525
2023-06-14,-0.6827655835345627
2023-06-15,1.2538455002729632
2023-06-16,-0.3171068635975231
2023-06-20,-0.7176015111653089
2023-06-21,-0.3010103723864824
2023-06-22,-0.01416412099355866
2023-06-23,-0.6480526103703692
2023-06-26,-0.03771751617880519
2023-06-27,0.6269174910742448
2023-06-28,-0.21858604886752275
2023-06-29,0.7937118334778359
2023-06-30,0.8322814421327974
2023-07-03,0.03157869551746194
2023-07-05,-0.377918037013274
2023-07-06,-1.0742635476932947
2023-07-07,-0.5539202215383704
2023-07-10,0.6191561399822622
2023-07-11,0.9296148601350542
2023-07-12,0.25071942058546126
2023-07-13,0.13881047782774153
2023-07-14,0.33057716425119665
2023-07-17,0.2209162031204642
2023-07-18,1.0543452786008445
2023-07-19,0.3121737941540153
2023-07-20,0.46657410060959553
2023-07-21,0.007130209775898382
2023-07-24,0.5196774325181421
2023-07-25,0.07574395026683998
2023-07-26,0.2312652456148712
2023-07-27,-0.6706037044756389
2023-07-28,0.4991961201914733
2023-07-31,0.2822977166608461
2023-08-01,0.19988270929776156
2023-08-02,-0.9819411832287709
2023-08-03,-0.18902249267978313
2023-08-04,-0.42762244738899374
2023-08-07,1.1554283172409419
2023-08-08,-0.44821650139163427
2023-08-09,-0.5426894253314569
2023-08-10,0.1501833343213536
2023-08-11,0.29876168829408334
2023-08-14,0.07431883096953117
2023-08-15,-1.0283866099189676
2023-08-16,-0.5182821152328976
2023-08-17,-0.840293149212522
2023-08-18,0.07490206478100377
2023-08-21,-0.10721119738960161
2023-08-22,-0.508675636885206
2023-08-23,0.5356251901594518
2023-08-24,-1.089541204342066
2023-08-25,0.7231291317948382
2023-08-28,0.6184657143974349
2023-08-29,0.8433423334609842
2023-08-30,0.1077282545249
2023-08-31,-0.48361803753694976
2023-09-01,0.33295433876262265
2023-09-05,-0.5634531023969027
2023-09-06,-0.5754575710474189
2023-09-07,0.1669155867383384
2023-09-08,0.2196362138899565
2023-09-11,0.2516711840484935
2023-09-12,-0.051163018561819366
2023-09-13,-0.2035698033174232
2023-09-14,0.9544272901973435
2023-09-15,-0.8309854341968348
2023-09-18,0.0175109119266166
2023-09-19,-0.3082651607591996
2023-09-20,-0.22289194928264097
2023-09-21,-1.0814584968990906
2023-09-22,-0.3133189535663026
2023-09-25,0.12664002689264175
2023-09-26,-1.147504353624028
2023-09-27,-0.2042884284141247
2023-09-28,0.3453623410892936
2023-09-29,-0.4729226144129831
2023-10-02,-0.22153428316009885
2023-10-03,-1.2974304602471478
2023-10-04,0.384601000936277
2023-10-05,-0.030130116930544733
2023-10-06,0.8658408440578689
2023-10-09,0.5881639537272908
2023-10-10,0.3998949415773844
2023-10-11,0.19415541349547055
2023-10-12,-0.5152465238384113
2023-10-13,0.11633762342706121
2023-10-16,0.9289869436700854
2023-10-17,0.03856708836411179
2023-10-18,-0.9830315967317871
2023-10-19,-0.7480925029633674
2023-10-20,-0.8622967764728486
2023-10-23,-0.5778412340768662
2023-10-24,0.6203882130845347
2023-10-25,-0.31868720634698355
2023-10-26,-0.7645981496284507
2023-10-27,-1.12485941945711
2023-10-30,1.5651370320605196
2023-10-31,0.3755891526477113
2023-11-01,0.6685252021076669
2023-11-02,1.6822606434379024
2023-11-03,0.6546146598285654
2023-11-06,0.1013512167461195
2023-11-07,0.1662812605431598
2023-11-08,-0.11816336952409627
2023-11-09,-0.6479860376320098
2023-11-10,1.1475297458355351
2023-11-13,0.1596291651371
2023-11-14,1.4164166131107472
2023-11-15,0.468388914469668
2023-11-16,-0.13081031077533076
2023-11-17,0.0051865179161217426
2023-11-20,0.5813502676099789
2023-11-21,-0.1786748773629762
2023-11-22,0.5251254843197355
2023-11-24,0.3314803982993574
2023-11-27,-0.16028506993505726
2023-11-28,0.2360741407498815
2023-11-29,0.03794466971720577
2023-11-30,1.4583031763386536
2023-12-01,0.8161377812058033
2023-12-04,-0.11334335776846981
2023-12-05,-0.2208874586400012
2023-12-06,-0.19431951039271994
2023-12-07,0.1744427247690136
2023-12-08,0.36064914842481893
2023-12-11,0.43235453201979174
2023-12-12,0.4741168448065108
2023-12-13,1.3908450991623063
2023-12-14,0.425387460294407
2023-12-15,0.15239685813606174
2023-12-18,0.002303609200755091
2023-12-19,0.6729629503740677
2023-12-20,-1.2752647992102408
2023-12-21,0.8655372914965589
2023-12-22,-0.049158267522804444
2023-12-26,0.4253486110843796
2023-12-27,0.2957147749518476
2023-12-28,0.14219037420046027
2023-12-29,-0.05454270163442471
2024-01-02,0.06763515321261052
2024-01-03,-0.758129341802236
2024-01-04,0.027109297590696864
2024-01-05,0.0688045756684363
2024-01-08,0.5772601007466458
2024-01-09,-0.4197729857157383
2024-01-10,0.4535192376472529
2024-01-11,0.04055091277507264
2024-01-12,-0.31350036963884553
2024-01-16,-0.6186722533158305
2024-01-17,-0.2531208961725651
2024-01-18,0.5404087281761746
2024-01-19,1.0492032067905337
2024-01-22,0.3638222005124946
2024-01-23,-0.2538872554138272
2024-01-24,-0.26167281227825084
2024-01-25,0.6400038159543072
2024-01-26,0.15835592207782637
2024-01-29,0.5861112918827962
2024-01-30,0.3485890357367507
2024-01-31,-0.8275111272066472
2024-02-01,0.963978730485239
2024-02-02,0.3487747460832072
2024-02-05,-0.7121530938438011
2024-02-06,0.3673230715333443
2024-02-07,0.40415233534114153
2024-02-08,0.12652822653442009
2024-02-09,-0.14118378779315516
2024-02-12,0.32448462276251755
2024-02-13,-1.3614535676664643
2024-02-14,0.3951124288665073
2024-02-15,0.9037972250937089
2024-02-16,-0.3750152517534483
2024-02-20,-0.16630658668142903
2024-02-21,0.1255247274890667
2024-02-22,1.176283304570804
2024-02-23,0.15964546520033726
2024-02-26,-0.15933551812380475
2024-02-27,-0.24812487640759137
2024-02-28,-0.06003643874703095
2024-02-29,0.12154942667520004
2024-03-01,0.2330530992005944
2024-03-04,-0.24988299586870052
2024-03-05,-1.0432234267093108
2024-03-06,0.1964092938074823
2024-03-07,0.3364670435906689
2024-03-08,-0.1771554458451612
2024-03-11,0.12122165556870282
2024-03-12,0.6064375381717529
2024-03-13,0.0969445527602379
2024-03-14,-0.353206157506133
2024-03-15,-0.4918576478129502
2024-03-18,0.19523898021362196
2024-03-19,0.8224106228966293
2024-03-20,1.0210020796681973
2024-03-21,0.6791054052377988
2024-03-22,-0.7708420202900381
2024-03-25,-0.41187711925416653
2024-03-26,-0.07967966335844351
2024-03-27,1.2088594986335612
2024-03-28,0.11887518019898743
2024-04-01,-0.6060412546106423
2024-04-02,-1.0074455038704622
2024-04-03,-0.11008710943994675
2024-04-04,-1.3642312610939127
2024-04-05,0.7924029962341819
2024-04-08,-0.02889135690021881
2024-04-09,-0.023474724373957236
2024-04-10,-1.091637071445673
2024-04-11,-0.006327548334599222
2024-04-12,-1.2449805612302645
2024-04-15,-0.6554020316917235
2024-04-16,0.16908762720092047
2024-04-17,-0.1208703785360288
2024-04-18,0.058442199536891455
2024-04-19,0.5570621079428837
2024-04-22,0.6653417631830303
2024-04-23,0.6872539950673398
2024-04-24,-0.11114077971448433
2024-04-25,-0.98011798198556
2024-04-26,0.403167125405871
2024-04-29,0.38219492989004417
2024-04-30,-1.4964922750931897
2024-05-01,0.230766341037441
2024-05-02,0.8469130965986547
2024-05-03,1.1703948701444356
2024-05-06,0.4555522258066095
2024-05-07,0.08230927928412023
2024-05-08,0.44169295718271706
2024-05-09,0.8448636512415169
2024-05-10,0.317052664489946
2024-05-13,-0.2060391963746608
2024-05-14,0.32054278244104734
2024-05-15,0.8806090768417173
2024-05-16,-0.096822175149443
2024-05-17,0.33606128809802416
2024-05-20,-0.49322096289273304
2024-05-21,0.16621226535544434
2024-05-22,-0.5077682370278486
2024-05-23,-1.5387801837602189
2024-05-24,0.01107860299949837
2024-05-28,-0.5562736536106694
2024-05-29,-1.0643053144484813
2024-05-30,-0.8623059964285001
2024-05-31,1.497049586708051
2024-06-03,-0.2984548285611525
2024-06-04,0.3629755574772456
2024-06-05,0.24778334578636008
2024-06-06,0.20296106383470922
2024-06-07,-0.2244537571316068
2024-06-10,0.17781239170563964
2024-06-11,-0.3108073652881403
2024-06-12,-0.09091429599338763
2024-06-13,-0.1683298061210426
2024-06-14,-0.15003682423247558
2024-06-17,0.4884282516178955
2024-06-18,0.14625861951983476
2024-06-20,0.7692837763060485
2024-06-21,0.03976850888521078
2024-06-24,0.6641513762785929
2024-06-25,-0.7616897311513309
2024-06-26,0.03998116824429256
2024-06-27,0.09262218417478645
2024-06-28,-0.11547659424434734
2024-07-01,0.12941936984470417
2024-07-02,0.4135781588901144
2024-07-03,-0.060660244793126414
2024-07-05,0.17251594167793705
2024-07-08,-0.07896791719866195
2024-07-09,-0.13434002599595288
2024-07-10,1.0868922048930574
2024-07-11,0.08151137393358789
2024-07-12,0.6197738525913178
2024-07-15,0.5256549538679411
2024-07-16,1.8302753132311125
2024-07-17,0.5930390345814435
2024-07-18,-1.3023355901051414
2024-07-19,-0.9326229098854346
2024-07-22,0.3169902152210149
2024-07-23,-0.14200585575555175
2024-07-24,-1.2572324267622093
2024-07-25,0.20353508982717716
2024-07-26,1.6250573665077008
2024-07-29,-0.121806008224938
2024-07-30,0.5004692664054676
2024-07-31,0.243818409800978
2024-08-01,-1.2189230705747787
2024-08-02,-1.5251722844108786
2024-08-05,-2.636524935764161
2024-08-06,0.7577567857434264
2024-08-07,-0.6023876141120501
2024-08-08,1.7467254182696976
2024-08-09,0.12933413732211888
2024-08-12,-0.3564220228899875
2024-08-13,1.0329091030059598
2024-08-14,0.6085959189021342
2024-08-15,1.3768567814723829
2024-08-16,0.23811822913903533
2024-08-19,0.5806301091375693
2024-08-20,-0.1506457403634185
2024-08-21,0.1358684106707005
2024-08-22,-0.43553968655479613
2024-08-23,1.129109467487806
2024-08-26,0.15880833692817575
2024-08-27,0.024197709897171456
2024-08-28,-0.3863847704505044
2024-08-29,0.5911441018131014
2024-08-30,0.5501400860793019
2024-09-03,-1.5179646093049686
2024-09-04,0.09287799687246556
2024-09-05,-0.536442794236829
2024-09-06,-1.0119296555701236
2024-09-09,1.1929422346759002
2024-09-10,-0.22712483286879895
2024-09-11,0.30576501878381074
2024-09-12,0.5736056522851493
2024-09-13,0.7201139995621615
2024-09-16,0.5500092445858045
2024-09-17,-0.038204422659405615
2024-09-18,-0.24805455252138947
2024-09-19,1.2501072975107206
2024-09-20,0.09078042377136265
2024-09-23,0.14560048377430646
2024-09-24,0.19819162478962637
2024-09-25,-0.6977165568100782
2024-09-26,0.6192428169498614
2024-09-27,0.32641456520059453
2024-09-30,0.04051937587668182
2024-10-01,-0.4099558271332777
2024-10-02,0.09377391487687038
2024-10-03,-0.43922132006199344
2024-10-04,0.8087825177554541
2024-10-07,-0.9453894510747721
2024-10-08,0.30019276143319373
2024-10-09,1.0205001859065097
2024-10-10,-0.1362399847316005
2024-10-11,0.9605042901645764
2024-10-14,0.4686649687390468
2024-10-15,-0.7570561186896279
2024-10-16,0.7860323111186953
2024-10-17,0.3738596516564632
2024-10-18,0.08520925590386377
2024-10-21,-0.7987944847631647
2024-10-22,-0.015632918006968585
2024-10-23,-0.9596098325705065
2024-10-24,-0.33123128134293317
2024-10-25,-0.6153759733168344
2024-10-28,0.6465478394026533
2024-10-29,-0.36520578789214564
2024-10-30,-0.2169178061836535
2024-10-31,-0.9012113316206917
2024-11-01,0.6889682363379153
2024-11-04,-0.614431739176478
2024-11-05,1.0171362215647093
2024-11-06,3.509421336225886
2024-11-07,-0.001348842159721315
2024-11-08,0.5920067137136329
2024-11-11,0.6890225063690762
2024-11-12,-0.8665147946796656
2024-11-13,0.1074573505940595
2024-11-14,-0.4727731416175346
2024-11-15,-0.7015754914314252
2024-11-18,-0.1275683488823503
2024-11-19,-0.2784727970033134
2024-11-20,0.32194654642936704
2024-11-21,1.0584174320800972
2024-11-22,0.966720283057901
2024-11-25,0.9885363221468798
2024-11-26,0.2762113176930086
2024-11-27,-0.30865473663361437
2024-11-29,0.42080648524186776
2024-12-02,-0.2868652625685377
2024-12-03,-0.1709037394247044
2024-12-04,0.6877184706705682
2024-12-05,-0.5531954773512291
2024-12-06,-0.2755707915546285
2024-12-09,-0.5403827668608373
2024-12-10,-0.34766415954609414
2024-12-11,-0.224600974464639
2024-12-12,-0.5324345220107435
2024-12-13,-0.19617139192620167
2024-12-16,-0.2526186599334772
2024-12-17,-0.6139518593304878
2024-12-18,-2.6186379442480723
2024-12-19,0.03629939604225057
2024-12-20,1.1693226005642008
2024-12-23,0.15554444912258347
2024-12-24,0.9050271035648584
2024-12-26,0.06642482503330177
2024-12-27,-0.772936025543312
2024-12-30,-0.9781550895304475
2024-12-31,-0.06934311788153323
2025-01-02,-0.3577952984072309
2025-01-03,0.7985047461136605
2025-01-06,-0.0598565217038161
2025-01-07,-0.4181372672868595
2025-01-08,0.2509052030319552
2025-01-10,-1.6477136236617684
2025-01-13,0.8515975882768136
2025-01-14,0.5215106015782085
2025-01-15,1.6405101035057794
2025-01-16,-0.15843043252776506
2025-01-17,0.7726158508974966
2025-01-21,1.229493518743892
2025-01-22,0.29693400209722476
2025-01-23,0.9205014403398699
2025-01-24,-0.3164883820872695
2025-01-27,0.6491725166955044
2025-01-28,0.3054210423728691
2025-01-29,-0.30555208486789087
2025-01-30,0.3763789357749688
2025-01-31,-0.7547410691669462
2025-02-03,-0.27594652117156165
2025-02-04,0.3014881979746195
2025-02-05,0.709484355101504
2025-02-06,-0.2804087257396227
2025-02-07,-0.9977069708401919
2025-02-10,0.3762639418854906
2025-02-11,0.27674094769110263
2025-02-12,-0.506035836089246
2025-02-13,0.7698087833003031
2025-02-14,-0.37050497085608913
2025-02-18,0.02303353607971834
2025-02-19,0.15978218364743177
2025-02-20,-1.015594054811001
2025-02-21,-1.7091489473819506
2025-02-24,0.07639935970289471
2025-02-25,0.3673519602506105
2025-02-26,-0.43200484167989506
2025-02-27,-0.44678795539899024
2025-02-28,1.3812973950724359
2025-03-03,-1.4929746171479428
2025-03-04,-1.5639861173793648
2025-03-05,1.1355560189529146
2025-03-06,-0.9990347323653244
2025-03-07,0.521525068350627
2025-03-10,-2.1012974300702463
2025-03-11,-1.1476024212415674
2025-03-12,-0.19943563880213808
2025-03-13,-1.308027278296072
2025-03-14,1.6394210510862957
2025-03-17,0.8482908474087881
2025-03-18,-0.6240997146780767
2025-03-19,0.9176340915301318
2025-03-20,-0.026951549516475708
2025-03-21,0.07632060607894793
2025-03-24,1.4141849515935012
2025-03-25,0.00981483444218171
2025-03-26,-0.3121060044155893
2025-03-27,-0.3659747583826459
2025-03-28,-1.7066939808564503
2025-03-31,0.9998527537658342
2025-04-01,-0.028099867354658723
2025-04-02,0.558948410005651
2025-04-03,-4.0584650611676985
2025-04-04,-5.659760372098711
2025-04-07,-0.9157266456023038
2025-04-08,-0.8464715965199663
2025-04-09,7.576034203143419
2025-04-10,-2.5307145413115935
2025-04-11,1.5514129742655984
2025-04-14,0.7730724366102917
2025-04-15,-0.3852666435833667
2025-04-16,-1.7481322747916455
2025-04-17,-1.3377926021995425
2025-04-21,-2.514133506925351
2025-04-22,2.628394851660134
2025-04-23,1.0650460750558426
2025-04-24,1.22166717861068
2025-04-25,0.050124274376550884
2025-04-28,0.2840138730080918
2025-04-29,0.7430669229403819
2025-04-30,0.3491224043017
2025-05-01,0.20535300776989873
2025-05-02,1.3755939180510335
2025-05-05,-0.23892919795650025
2025-05-06,-0.950253205476923
2025-05-07,0.6955322785161533
2025-05-08,0.6170558101434908
2025-05-09,-0.28824382737501264
2025-05-12,2.775052241165393
2025-05-13,-0.6378973270874086
2025-05-14,-0.21230442445701828
2025-05-15,0.6440205789909391
2025-05-16,0.7813598095625712
2025-05-19,0.3214447719247315
2025-05-20,-0.2687095572307342
2025-05-21,-1.9324454993554785
2025-05-22,-0.0032287865924173257
2025-05-23,-0.6135003785697569
2025-05-27,1.7644461854551512
2025-05-28,-0.5801589193076876
2025-05-29,0.27760687130959716
2025-05-30,0.12863664838516156
2025-06-02,0.08373615777128982
2025-06-03,0.5049461964247351
2025-06-04,-0.2163748447310609
2025-06-05,-0.2548749835293975
2025-06-06,1.0416625033753493
2025-06-09,-0.0025942818193526902
2025-06-10,0.24550065635600876
2025-06-11,-0.002569762209654539
2025-06-12,0.23732398210756528
2025-06-13,-1.807900644296107
2025-06-16,0.7491240274690103
2025-06-17,-0.7064491002287504
2025-06-18,-0.10461418920605255
2025-06-20,0.08333915967598814
2025-06-23,0.8844664847875269
2025-06-24,1.18417057840767
2025-06-25,-0.24767771242714492
2025-06-26,0.9364745445985038
2025-06-27,0.9917498555073462
2025-06-30,0.6267506413724392
2025-07-01,0.9034335761370674
2025-07-02,-0.023644878792308272
2025-07-03,0.7705737313116386
2025-07-07,-0.9462106623178744
2025-07-08,-0.3736113408578699
2025-07-09,0.4905113820525755
2025-07-10,0.43169661634730827
2025-07-11,-0.6271019373159273
2025-07-14,0.1984365565334175
2025-07-15,-0.9863210351044007
2025-07-16,0.524462569924475
2025-07-17,0.5177133991017343
2025-07-18,-0.3203924704273441
2025-07-21,-0.04313097074494998
2025-07-22,0.4038734685451449
2025-07-23,1.1347058739108862
2025-07-24,-0.7053855245122644
2025-07-25,0.4643343061227133
2025-07-28,-0.14344476243939425
2025-07-29,-0.4572916476662082
2025-07-30,-0.38545070237215573
2025-07-31,-0.7456685387492834
2025-08-01,-1.2366894347147832
2025-08-04,1.3333098811657038
2025-08-05,-0.1402324023778539
2025-08-06,0.1843224395969973
2025-08-07,-0.5092478859333581
2025-08-08,0.46961459282992696
2025-08-11,-0.4549478991902941
2025-08-12,1.0935296245944468
2025-08-13,1.0375022510187373
2025-08-14,-0.02450713536899551
2025-08-15,0.0775882307222344
2025-08-18,-0.07634446634145711
2025-08-19,0.023263370988230433
2025-08-20,0.035697661877968904
2025-08-21,-0.3406202743467213
2025-08-22,1.8719063036748207
2025-08-25,-0.7683535081346086
2025-08-26,0.2990096088344782
2025-08-27,0.32348855958390643
2025-08-28,0.15716296178884892
2025-08-29,-0.20183761530006594
2025-09-02,-0.548368673773861
2025-09-03,-0.05427609394717905
2025-09-04,0.770273123381306
2025-09-05,-0.4843439145387161
2025-09-08,0.25097924201061195
2025-09-09,0.43055774910695405
2025-09-10,-0.4833616924559113
2025-09-11,1.3473683919240234
2025-09-12,-0.5955524305025346
2025-09-15,0.10735221374086228
2025-09-16,-0.2740048308160173
2025-09-17,0.5675164601634725
2025-09-18,0.2693156208692406
2025-09-19,0.3738961139653574
2025-09-22,0.14298128176204342
2025-09-23,-0.19154786210211924
2025-09-24,-0.37115606053442524
2025-09-25,-0.37789461676936303
2025-09-26,0.6507317739119829
2025-09-29,0.1486144477118177
2025-09-30,0.17650056779693665
2025-10-01,0.09308791403735248
2025-10-02,0.16914051743174208
2025-10-03,0.5115097239433026
2025-10-06,-0.1354955759940058
2025-10-07,-0.19719256817164058
2025-10-08,-0.00257329932066589
2025-10-09,-0.5235787417896487
2025-10-10,-1.913906910714018
2025-10-13,1.2845499981522397
2025-10-14,0.4394356671167651
2025-10-15,-0.037076621571704944
2025-10-16,-0.6530439711555114
2025-10-17,0.5173958295756761
2025-10-20,1.110849681669647
2025-10-21,0.46599911100614605
2025-10-22,-0.7150275757505973
2025-10-23,0.3090260987446934
2025-10-24,1.0059761539140974
2025-10-27,0.7123252416458142
2025-10-28,0.3396950623437039
2025-10-29,-0.1560150608452076
2025-10-30,-0.230949440394186
2025-10-31,0.08571279558914323
2025-11-03,-0.47669737679388235
2025-11-04,-0.5325924446640323
2025-11-05,0.4783286989178897
2025-11-06,-0.8462908750565231
2025-11-07,0.15932113560966152
2025-11-10,0.8087042963575004
2025-11-11,1.1738897587595065
2025-11-12,0.6796655888107075
2025-11-13,-1.6667078334939454
2025-11-14,-0.6548076163986045
2025-11-17,-1.1889530901164354
2025-11-18,-1.075731929072182
2025-11-19,0.1019863279341917
2025-11-20,-0.8412357258311097
2025-11-21,1.0720992193970258
2025-11-24,0.4376990956657191
2025-11-25,1.4198070594933017
2025-11-26,0.6656959324414612
2025-11-28,0.608137270960434
2025-12-01,-0.8990963748885777
2025-12-02,0.39072529678458623
2025-12-03,0.8566512337254768
2025-12-04,-0.06676224935539404
2025-12-05,0.21720349929248034
2025-12-08,-0.4507443275651871
2025-12-09,-0.3757233881367295
2025-12-10,1.0405263079852647
2025-12-11,1.3357990117849252
2025-12-12,-0.5062911522577755
2025-12-15,-0.0856616409705539
2025-12-16,-0.6263240325395024
2025-12-17,-0.47561010630252
2025-12-18,0.13748814959138764
2025-12-19,0.3809875946176374
2025-12-22,0.4721144477840452
2025-12-23,0.16472374935455125
2025-12-24,0.5942991472637947
2025-12-26,-0.041442868224726544
2025-12-29,-0.5125700925886697
2025-12-30,-0.19595603711609766
2025-12-31,-0.6300309880635633
2026-01-02,0.6617252902061651
2026-01-05,1.2218551507423103
2026-01-06,0.9851808520579045
2026-01-07,-0.9466020844301969
2026-01-08,0.5496151401089698
2026-01-09,0.48184866862403025
2026-01-12,0.1738323080555042
2026-01-13,-0.8062447383543601
2026-01-14,-0.0861474090647604
2026-01-15,0.593989678881998
2026-01-16,-0.16824253502552303
2026-01-20,-1.7798258462716137
2026-01-21,1.2066680021835334
2026-01-22,0.6231533056619085
2026-01-23,-0.5793941752984231
2026-01-26,0.6368592582630188
2026-01-27,-0.8311482505214917
2026-01-28,0.024875595252570205
2026-01-29,0.11409655908332611
2026-01-30,-0.3656240930746665
2026-02-02,1.0482104737286926
2026-02-03,-0.33791042499413004
2026-02-04,0.5272575823990727
2026-02-05,-1.2043269504743892
2026-02-06,2.4378092917911953
2026-02-09,0.04029707359144137
2026-02-10,0.10420144705942122
2026-02-11,-0.13307248338065455
2026-02-12,-1.3445924233424127
2026-02-13,0.09893437730196901
2026-02-17,0.06515273631941325
2026-02-18,0.2610367701421565
2026-02-19,-0.5400899179838327
2026-02-20,0.46618133786866983
2026-02-23,-1.6700782921837385
2026-02-24,0.7561719149699528
2026-02-25,0.6236770447738472
2026-02-26,0.034452514180495795
2026-02-27,-1.0586869452721648
2026-03-02,-0.14944548174003391
2026-03-03,-0.8285194271760872
2026-03-04,0.48979727795126093
2026-03-05,-1.6230332707856558
2026-03-06,-0.9495255040596305
2026-03-09,0.5024036036825182
2026-03-10,-0.07184919737805413
2026-03-11,-0.6081404147950686
2026-03-12,-1.5716716886375044
2026-03-13,-0.2560866352145331
2026-03-16,0.8297826524691034
2026-03-17,0.09974820105184767
2026-03-18,-1.6480235282485978
2026-03-19,-0.4416837682810223
2026-03-20,-0.9693662730544567
2026-03-23,1.3749599516288085
2026-03-24,-0.18283953053989688
2026-03-25,0.6600088414789133
2026-03-26,-1.0160947911102474
2026-03-27,-1.7415057681280321
2026-03-30,0.10953414857227657
2026-03-31,2.4584024232717727
2026-04-01,0.48268998997105306
2026-04-02,-0.13122627247624905
2026-04-06,0.35461873010184
2026-04-07,-0.18319360317514813
2026-04-08,2.80555909861745
2026-04-09,0.5741767823848138
2026-04-10,-0.5603007918129062
2026-04-13,0.6276199961668777
2026-04-14,0.6567969096040953
2026-04-15,-0.14900982040893598
2026-04-16,0.2370098212610906
2026-04-17,1.7724529505734241
2026-04-20,-0.00985154076484993
2026-04-21,-0.5947353487629392
2026-04-22,0.6907050589839566
2026-04-23,-0.36378642960260305
2026-04-24,-0.16157612988159223
2026-04-27,-0.12789195684169175
2026-04-28,-0.05260797391183866
2026-04-29,-0.5716554521325664
2026-04-30,1.6045422881300182
2026-05-01,-0.308359134057216
2026-05-04,-1.1324064137364118
2026-05-05,0.7254735077257648
2026-05-06,1.2344618098141147
2026-05-07,-0.6303483607289634
2026-05-08,0.024577929702088778
2026-05-11,0.19193462983580728
2026-05-12,0.11278305791176452
2026-05-13,-0.1354587031831181
2026-05-14,0.7423332306189292
2026-05-15,-1.0790164804476408
2026-05-18,0.3224385860702794
2026-05-19,-0.650667994736742
2026-05-20,1.2991058680208243
2026-05-21,0.5509930914011857
2026-05-22,0.5830344476213154
2026-05-26,-0.23360644163579652
2026-05-27,0.36120869500266944
2026-05-28,0.04873498873765145
2026-05-29,0.7148252220466633
2026-06-01,0.09091638992960459
2026-06-02,0.44714911071557584
2026-06-03,-1.2171719577126843
2026-06-04,1.7112748776626097
2026-06-05,-1.3573520626728368
2026-06-08,-0.1589126002120741
2026-06-09,0.16938671679059145
2026-06-10,-1.8917514266082742
2026-06-11,1.8458230387551826
2026-06-12,0.6928165175951123
2026-06-15,0.911359522556141
2026-06-16,0.6340107975656328
2026-06-17,-0.9800256282046536
2026-06-18,0.14001625171829898
2026-06-22,0.2866296121493992
2026-06-23,-0.08874307619594637
2026-06-24,0.35175092114194684
2026-06-25,0.13823455672743554
2026-06-26,-0.08576709743659358
2026-06-29,0.5893392068889062
2026-06-30,0.26116456465349236
