Date,eps2
2015-06-02,0.03693807546781388
2015-06-03,0.10370777817117406
2015-06-04,0.966759764442065
2015-06-05,0.12137451624198607
2015-06-08,0.2500580646591468
2015-06-09,0.0023636683848193983
2015-06-10,1.6571600591325883
2015-06-11,0.033042155881549684
2015-06-12,0.6667438944735767
2015-06-15,0.40684336264766885
2015-06-16,0.36047203773432385
2015-06-17,0.01958891328987641
2015-06-18,0.9305514509989053
2015-06-19,0.34504393549549345
2015-06-22,0.2918046855481343
2015-06-23,0.009898062219142434
2015-06-24,1.0411342476177563
2015-06-25,0.2086482752723852
2015-06-26,0.07830732312324973
2015-06-29,4.023411154404858
2015-06-30,0.009419348161879233
2015-07-01,0.5594246358246118
2015-07-02,0.03654071352859254
2015-07-06,0.08836062104055863
2015-07-07,0.24197652089903418
2015-07-08,2.2993458063477967
2015-07-09,0.02398910761933812
2015-07-10,1.357638381900787
2015-07-13,1.3957879792860706
2015-07-14,0.1496331194156711
2015-07-15,0.002848367310862006
2015-07-16,0.12462357693373055
2015-07-17,0.048924740336455386
2015-07-20,0.001821670921172507
2015-07-21,1.081944672485531
2015-07-22,0.17312330424535546
2015-07-23,0.49563131079846995
2015-07-24,0.9219839987325077
2015-07-27,0.5857983376712819
2015-07-28,1.096680831057207
2015-07-29,0.42273157990418636
2015-07-30,0.004219962504761175
2015-07-31,0.12336050056525541
2015-08-03,0.3068906622186156
2015-08-04,0.09291143733568319
2015-08-05,0.008597071217800954
2015-08-06,0.525769261568113
2015-08-07,0.09061383005367686
2015-08-10,1.8161515590642914
2015-08-11,1.5554699595844488
2015-08-12,0.0013232087609436759
2015-08-13,2.2487141544500765e-06
2015-08-14,0.13101620262573938
2015-08-17,0.12431393517955636
2015-08-18,0.0517735702670034
2015-08-19,0.9358864679881029
2015-08-20,4.493810389101727
2015-08-21,10.299157368232288
2015-08-24,13.503586628929678
2015-08-25,1.7794205924347828
2015-08-26,14.753339733271837
2015-08-27,4.8735421130084315
2015-08-28,0.0110487771928034
2015-08-31,0.5296057569797076
2015-09-01,8.510953206585441
2015-09-02,3.1465646904807625
2015-09-03,0.011751168210671866
2015-09-04,2.9305410130979004
2015-09-08,5.571844591143988
2015-09-09,2.2346731663075605
2015-09-10,0.19105963948512664
2015-09-11,0.3509090634161818
2015-09-14,0.17079511775139017
2015-09-15,1.833265153019922
2015-09-16,0.6495721034758549
2015-09-17,0.18043892102604123
2015-09-18,3.2037965723769983
2015-09-21,0.5317745341943334
2015-09-22,1.2746080300748728
2015-09-23,0.11880990574930615
2015-09-24,0.268597033162017
2015-09-25,0.43919333218439904
2015-09-28,3.881952936952247
2015-09-29,0.06775737223848968
2015-09-30,2.023961822667964
2015-10-01,0.012642337814608315
2015-10-02,1.414469677720896
2015-10-05,3.220493889620156
2015-10-06,0.002256781470755417
2015-10-07,0.47623444179653185
2015-10-08,0.609785697214082
2015-10-09,0.02663635472220041
2015-10-12,0.058758294621132114
2015-10-13,0.1066524784916988
2015-10-14,0.9190326765426423
2015-10-15,1.5364019949428345
2015-10-16,0.15806044759201182
2015-10-19,0.0025106292338039618
2015-10-20,0.012645184481150854
2015-10-21,0.10021863570478831
2015-10-22,3.295603461885026
2015-10-23,0.7435080261688102
2015-10-26,0.028419096762961317
2015-10-27,0.07340454287605389
2015-10-28,1.1792224305912806
2015-10-29,0.02821499241019672
2015-10-30,0.30852296622961256
2015-11-02,0.8038024966617238
2015-11-03,0.2168322074943815
2015-11-04,0.10055734461460898
2015-11-05,0.0033305060134384014
2015-11-06,0.05185934349105345
2015-11-09,1.0893554221713955
2015-11-10,0.014834894074274503
2015-11-11,0.12268865955438207
2015-11-12,2.1921256393052464
2015-11-13,1.449055962160039
2015-11-16,1.7818430928322628
2015-11-17,6.953658025785008e-06
2015-11-18,1.8813934233018703
2015-11-19,0.003521978050476488
2015-11-20,0.22821925613011093
2015-11-23,0.04380262477677605
2015-11-24,0.005641695269447799
2015-11-25,0.0007692810453435207
2015-11-27,0.0011888171232409944
2015-11-30,0.3142525114742169
2015-12-01,0.8309093236181985
2015-12-02,0.8564354207989476
2015-12-03,2.1493859886959643
2015-12-04,4.244391282661179
2015-12-07,0.4800682087439532
2015-12-08,0.9125213248789618
2015-12-09,0.21743837941347963
2015-12-10,0.1898860635427048
2015-12-11,3.2813354206134524
2015-12-14,0.3158305188852222
2015-12-15,0.7430945640901317
2015-12-16,1.529214091375964
2015-12-17,2.1655774276918964
2015-12-18,4.648859570403175
2015-12-21,0.464374440110178
2015-12-22,0.848502812774287
2015-12-23,1.04860526847977
2015-12-24,0.10332102052553693
2015-12-28,0.02915206079187768
2015-12-29,1.121375782020201
2015-12-30,0.48655531269852403
2015-12-31,1.1142638586460027
2016-01-04,2.6621505395305554
2016-01-05,0.0004923385532443514
2016-01-06,2.2949410431223254
2016-01-07,5.678210254244396
2016-01-08,1.1127232336855484
2016-01-11,0.08057663327973404
2016-01-12,0.4629473832358263
2016-01-13,5.144005969755903
2016-01-14,1.8634742445051304
2016-01-15,6.004661123303165
2016-01-19,0.019633622968937843
2016-01-20,2.5701096358396347
2016-01-21,0.48744449431954917
2016-01-22,1.6491929217962527
2016-01-25,1.7880404269158416
2016-01-26,2.976484385589033
2016-01-27,2.0220112722480965
2016-01-28,0.558835836584131
2016-01-29,5.7789119522447825
2016-02-01,0.01918498808262573
2016-02-02,3.4155394423326118
2016-02-03,1.1941367330175416
2016-02-04,0.2056931340849838
2016-02-05,1.7738586095662376
2016-02-08,1.2961488138874095
2016-02-09,0.012896748971019112
2016-02-10,0.43376911109608624
2016-02-11,2.712400170379588
2016-02-12,3.797204599068468
2016-02-16,1.820463615755965
2016-02-17,2.3789567150207387
2016-02-18,0.0785787848871003
2016-02-19,0.027286421385923576
2016-02-22,1.8249042719590474
2016-02-23,1.386289530054307
2016-02-24,0.0834210393347069
2016-02-25,1.550348282499518
2016-02-26,0.14314813006844396
2016-02-29,0.6072439339662818
2016-03-01,4.2191391382817205
2016-03-02,0.02833815239287036
2016-03-03,0.05242794334067218
2016-03-04,0.11281336836409817
2016-03-07,0.12942722957313144
2016-03-08,0.4623093288165104
2016-03-09,0.0320541707400419
2016-03-10,0.0042561639083688405
2016-03-11,1.5403982839415291
2016-03-14,0.0032931530291651244
2016-03-15,0.009108723858244083
2016-03-16,0.15593109237140584
2016-03-17,0.7401901072389693
2016-03-18,0.42800474486671747
2016-03-21,0.007739995181606167
2016-03-22,0.07240880829225625
2016-03-23,0.24049406467805604
2016-03-24,0.0016459880141481283
2016-03-28,0.006037396307381571
2016-03-29,0.2716908010691256
2016-03-30,0.19204615577071554
2016-03-31,0.04529822863261207
2016-04-01,0.32768478467311773
2016-04-04,0.12131358711793111
2016-04-05,0.6256979476284682
2016-04-06,0.36466161198549196
2016-04-07,1.0444974922653232
2016-04-08,0.027173407894895692
2016-04-11,0.022942095947573175
2016-04-12,0.810100422092205
2016-04-13,1.03100867624314
2016-04-14,0.004465099244435113
2016-04-15,0.038497550815369444
2016-04-18,0.3135107413641565
2016-04-19,0.057477472302412645
2016-04-20,0.04063982921103342
2016-04-21,0.4422858061937981
2016-04-22,0.006974393990108928
2016-04-25,0.03306343629216171
2016-04-26,0.0014633238027090237
2016-04-27,0.06244147945911807
2016-04-28,1.4634283058739113
2016-04-29,0.1262621744135224
2016-05-02,0.39005728134076395
2016-05-03,0.6748205355201253
2016-05-04,0.3569378555701219
2016-05-05,0.0003629153502883453
2016-05-06,0.17391352719576522
2016-05-09,0.053076739221465996
2016-05-10,1.473784783242008
2016-05-11,1.5713592595223742
2016-05-12,0.00034124001324693245
2016-05-13,1.1771823153260768
2016-05-16,0.9230696797637281
2016-05-17,1.1239820082836756
2016-05-18,0.0028789454862306776
2016-05-19,0.30946597798021686
2016-05-20,0.11608505019306956
2016-05-23,0.006441240035488089
2016-05-24,1.3841191906464267
2016-05-25,0.6141637265824633
2016-05-26,0.027106616611113854
2016-05-27,0.047188062783216335
2016-05-31,0.26721468544412624
2016-06-01,0.00042394185009907186
2016-06-02,0.057585477120020406
2016-06-03,0.04461349765349796
2016-06-06,0.35951968693076586
2016-06-07,0.004307539846540843
2016-06-08,0.1136086024163285
2016-06-09,0.02098148553801888
2016-06-10,0.4943340215243222
2016-06-13,0.6098506954660513
2016-06-14,0.1297267073123474
2016-06-15,0.05322961971452774
2016-06-16,0.24102719965408925
2016-06-17,0.1308592300600904
2016-06-20,0.48537722463474503
2016-06-21,0.011036671574780105
2016-06-22,0.09555469543508006
2016-06-23,1.5677240799443637
2016-06-24,12.122979808330449
2016-06-27,2.380593465908691
2016-06-28,2.32714719080991
2016-06-29,2.5250824983352924
2016-06-30,1.6553238432556483
2016-07-01,0.005408627408513528
2016-07-05,0.4124117824767379
2016-07-06,0.1614210354619572
2016-07-07,0.02606846585881089
2016-07-08,1.842964841296461
2016-07-11,0.16519495231989215
2016-07-12,0.3915806832522185
2016-07-13,0.00973917068775718
2016-07-14,0.4813755606694877
2016-07-15,0.00041212931891430486
2016-07-18,0.0029801294860895083
2016-07-19,0.011128428282622796
2016-07-20,0.025412754415734515
2016-07-21,0.20588179012864485
2016-07-22,0.06485469255996622
2016-07-25,0.20633054069085902
2016-07-26,0.019308293814008733
2016-07-27,0.0018518125985581037
2016-07-28,0.01443841655276178
2016-07-29,0.02728898647063468
2016-08-01,0.03423905071135194
2016-08-02,0.27955673503930806
2016-08-03,0.03625270689603968
2016-08-04,0.002555118206031171
2016-08-05,1.0069688003677968
2016-08-08,0.012388197177920697
2016-08-09,0.0002010671297335747
2016-08-10,0.05590107013644466
2016-08-11,0.3608720293069078
2016-08-12,0.05462510991170223
2016-08-15,0.08164521184387147
2016-08-16,0.2365906401150531
2016-08-17,0.006989772157488537
2016-08-18,0.00871588969116848
2016-08-19,0.07696888360734981
2016-08-22,0.025389173525518012
2016-08-23,0.0038407859642768257
2016-08-24,0.15209105704924122
2016-08-25,0.04561517096194671
2016-08-26,0.10383436795572022
2016-08-29,0.3010614233158706
2016-08-30,0.0887859773328013
2016-08-31,0.10521615702096064
2016-09-01,0.00429997325181149
2016-09-02,0.12904124285647947
2016-09-06,0.046148503187904734
2016-09-07,0.009823923046743248
2016-09-08,0.08084521130754359
2016-09-09,4.805430607057562
2016-09-12,1.6429056384102376
2016-09-13,2.114594305197136
2016-09-14,0.04479526892409751
2016-09-15,0.895061980396789
2016-09-16,0.2730957748741342
2016-09-19,0.0029718729601787646
2016-09-20,0.00038181064035685945
2016-09-21,0.7475388860681823
2016-09-22,0.25395160757282026
2016-09-23,0.5615109590185374
2016-09-26,0.9045462466470198
2016-09-27,0.4906043728707557
2016-09-28,0.32751271681401545
2016-09-29,1.2272785730416074
2016-09-30,0.7555041174332967
2016-10-03,0.10990114919293485
2016-10-04,0.2534374593860475
2016-10-05,0.34018629179614224
2016-10-06,0.010617216266802013
2016-10-07,0.035313788004591354
2016-10-10,0.20231848632404995
2016-10-11,1.2853456262548482
2016-10-12,0.002621389531716579
2016-10-13,0.08078992312140247
2016-10-14,0.03356398394567149
2016-10-17,0.10334159297898639
2016-10-18,0.14615918133005099
2016-10-19,0.03581687704419807
2016-10-20,0.06551225808092018
2016-10-21,0.015909282755896315
2016-10-24,0.15265642283881006
2016-10-25,0.10885068880191448
2016-10-26,0.017116817269735258
2016-10-27,0.03901901660099221
2016-10-28,0.006596303949542128
2016-10-31,0.019011542548277263
2016-11-01,0.3803071009583726
2016-11-02,0.216082316846247
2016-11-03,0.0383844544722392
2016-11-04,0.07353489794507487
2016-11-07,4.080579765580512
2016-11-08,0.13342985724174455
2016-11-09,1.84246935592016
2016-11-10,1.282349651306179
2016-11-11,0.03125850969989545
2016-11-14,0.005934187890114376
2016-11-15,0.06414139565711446
2016-11-16,0.10570866155905655
2016-11-17,0.02385244912311742
2016-11-18,0.05040869077582407
2016-11-21,0.18908961194327625
2016-11-22,0.10193935603458593
2016-11-23,0.07662094555342855
2016-11-25,0.10643232005673808
2016-11-28,0.10118009154555231
2016-11-29,0.008016903201846878
2016-11-30,0.0005818964577767911
2016-12-01,0.10387322553485456
2016-12-02,0.02149719548340176
2016-12-05,0.041718585330670785
2016-12-06,0.022587930128934463
2016-12-07,2.2522581264928756
2016-12-08,0.08906188621175973
2016-12-09,0.47204231673795444
2016-12-12,0.02744202526044406
2016-12-13,0.29555987743813333
2016-12-14,0.39982489030957236
2016-12-15,0.07115600972060392
2016-12-16,0.0062359644850835194
2016-12-19,0.02727049936330304
2016-12-20,0.18058181959877043
2016-12-21,0.03924818003579261
2016-12-22,0.02258483141117686
2016-12-23,0.001635809240468495
2016-12-27,0.00047671967656469675
2016-12-28,0.35328154246211774
2016-12-29,0.010938770548321127
2016-12-30,0.10458386641124193
2017-01-03,0.32111280229060807
2017-01-04,0.07228475829362671
2017-01-05,0.0623440055313599
2017-01-06,0.08362939824899011
2017-01-09,0.17472918452254985
2017-01-10,0.037934295230194
2017-01-11,0.21310288593130847
2017-01-12,0.12397761987242592
2017-01-13,0.003717923190335338
2017-01-17,0.10983814373043736
2017-01-18,0.021242617824941752
2017-01-19,0.16025180338462167
2017-01-20,0.1980683693229656
2017-01-23,0.02984961920204231
2017-01-24,0.28506351236738153
2017-01-25,0.5548532966760643
2017-01-26,0.016088257670498856
2017-01-27,0.0048945173611873284
2017-01-30,0.4182594323048898
2017-01-31,0.3270690232368769
2017-02-01,0.01011957074373957
2017-02-02,0.0041984694784931356
2017-02-03,0.8087404009726615
2017-02-06,0.016741868065614684
2017-02-07,0.02377560457311097
2017-02-08,0.04561547599165095
2017-02-09,0.3052539498751339
2017-02-10,0.19808659686726815
2017-02-13,0.44558026819742913
2017-02-14,0.17342152019486928
2017-02-15,0.23832196838325664
2017-02-16,1.5133142181762905e-05
2017-02-17,0.00018819837851249114
2017-02-21,0.29226345974220425
2017-02-22,0.01502021213623488
2017-02-23,0.01755725339542607
2017-02-24,0.0004192569893224471
2017-02-27,0.0016643761982258157
2017-02-28,0.0241755306948834
2017-03-01,1.9947873709399508
2017-03-02,0.32383786289009003
2017-03-03,0.0004593815894178777
2017-03-06,0.07802888411343543
2017-03-07,0.030885744774962535
2017-03-08,0.1331647628771787
2017-03-09,0.0005148121807314728
2017-03-10,0.032411234272947405
2017-03-13,0.018875546660402105
2017-03-14,0.06049083128890738
2017-03-15,0.255089709106959
2017-03-16,0.011821164771101357
2017-03-17,0.016830881384393565
2017-03-20,0.005832599675696246
2017-03-21,1.3893765713512467
2017-03-22,0.00448166182350564
2017-03-23,0.003286715385312637
2017-03-24,0.10541936348019636
2017-03-27,0.06594701298478803
2017-03-28,0.48340287046796737
2017-03-29,0.05685312120518304
2017-03-30,0.08986427730109452
2017-03-31,0.12239808580324514
2017-04-03,0.009498458055304977
2017-04-04,0.023822168188441028
2017-04-05,0.05442030629759897
2017-04-06,0.0013813522664557064
2017-04-07,0.004574352129677428
2017-04-10,0.0006342823273597065
2017-04-11,0.004490099723589544
2017-04-12,0.1041533492899236
2017-04-13,0.5039324438649768
2017-04-17,0.7387599404337108
2017-04-18,0.3441788537562928
2017-04-19,0.3781786845295152
2017-04-20,0.6654176109602878
2017-04-21,0.03422362712506432
2017-04-24,1.02388838171588
2017-04-25,1.1615181454103876
2017-04-26,0.01814070581765765
2017-04-27,2.2400910955798058e-05
2017-04-28,0.05254370684553666
2017-05-01,0.02680836045930569
2017-05-02,0.0194774868319086
2017-05-03,1.403578817553237e-05
2017-05-04,0.004246216252843073
2017-05-05,0.05286304457102683
2017-05-08,8.213851419992546e-05
2017-05-09,0.04340481660368982
2017-05-10,0.036233632308159604
2017-05-11,0.021802471913074634
2017-05-12,0.020614864283614805
2017-05-15,0.13915394917478807
2017-05-16,0.002017331486797777
2017-05-17,3.3397808245908354
2017-05-18,0.05633038998476932
2017-05-19,0.421882160884654
2017-05-22,0.1577143796507174
2017-05-23,0.029406864578003674
2017-05-24,0.10288034003086224
2017-05-25,0.09036876942105278
2017-05-26,0.0022225493008361605
2017-05-30,0.0760625784811262
2017-05-31,0.01783124221978419
2017-06-01,0.37034612510660586
2017-06-02,0.06699419900171694
2017-06-05,0.019447979708396505
2017-06-06,0.06781671094730139
2017-06-07,0.02033200246269243
2017-06-08,5.272574590003062e-05
2017-06-09,0.14967089266426514
2017-06-12,0.04213814138961586
2017-06-13,0.1612608239709685
2017-06-14,0.03289980021831102
2017-06-15,0.010627485302853826
2017-06-16,0.006334516802454771
2017-06-19,0.40954596392377157
2017-06-20,0.10379860873088806
2017-06-21,0.09052542280229439
2017-06-22,0.008836537074742162
2017-06-23,0.002143742580086683
2017-06-26,0.0011992861069625015
2017-06-27,0.2474553675127144
2017-06-28,0.40797536829152037
2017-06-29,0.6701665067376051
2017-06-30,0.06717029468144305
2017-07-03,0.32592912752236863
2017-07-05,0.0015680615429251963
2017-07-06,0.598213706332398
2017-07-07,0.16553180529899336
2017-07-10,0.0038022554047530237
2017-07-11,0.0010180273314204374
2017-07-12,0.29022578620814027
2017-07-13,0.003939602936360969
2017-07-14,0.12780942180424704
2017-07-17,0.005119230730645405
2017-07-18,0.08354270792562463
2017-07-19,0.07347216887926568
2017-07-20,0.028372027763867533
2017-07-21,0.03287252160628132
2017-07-24,0.11900486800065553
2017-07-25,0.18531061110220792
2017-07-26,0.17304233883419906
2017-07-27,0.1286979467730376
2017-07-28,0.01446890574181586
2017-07-31,0.059382255282228874
2017-08-01,0.08852263530083261
2017-08-02,0.04139099497439685
2017-08-03,0.0001059464928628904
2017-08-04,0.07178930437819117
2017-08-07,0.006621219280168842
2017-08-08,0.033911272365017474
2017-08-09,0.040208967733286166
2017-08-10,0.9354117598484863
2017-08-11,0.000961730291606933
2017-08-14,0.3399020997366688
2017-08-15,0.00010979774705748013
2017-08-16,0.006903686554452836
2017-08-17,1.6562868739675765
2017-08-18,0.1486279146803967
2017-08-21,0.010067302744061153
2017-08-22,0.7485353193239209
2017-08-23,0.1902738189062369
2017-08-24,0.02758783343536691
2017-08-25,0.010895432064650067
2017-08-28,0.0034385510242752235
2017-08-29,0.05125879727488688
2017-08-30,0.00795737107130616
2017-08-31,0.048174308123898696
2017-09-01,0.021068925105013778
2017-09-05,1.2222852516606104
2017-09-06,0.04620988656562934
2017-09-07,0.01942286794960012
2017-09-08,0.000636172869582806
2017-09-11,1.3209846594213086
2017-09-12,0.059490638114389364
2017-09-13,0.020486545163252483
2017-09-14,0.028816683571939533
2017-09-15,0.06615621242847142
2017-09-18,0.06154265975146368
2017-09-19,0.020171849832921245
2017-09-20,0.023149115141724134
2017-09-21,0.07444208454123794
2017-09-22,0.006022614526623495
2017-09-25,0.07515503654050845
2017-09-26,0.0076179010144895925
2017-09-27,0.04763385805089229
2017-09-28,0.021487951183319694
2017-09-29,0.0052139967049196784
2017-10-02,0.4146162484017141
2017-10-03,0.11391957931421737
2017-10-04,0.0028821017638512316
2017-10-05,0.21735618550224448
2017-10-06,0.001766908523518627
2017-10-09,0.008067609657799736
2017-10-10,0.07337626269322663
2017-10-11,0.022571148363922124
2017-10-12,0.030261798207665756
2017-10-13,0.009977156178850182
2017-10-16,0.11391728129118585
2017-10-17,0.02007577247410509
2017-10-18,0.434983731018773
2017-10-19,0.00012084909812306445
2017-10-20,0.4595134021052139
2017-10-23,0.07241542553571557
2017-10-24,0.46772818725205045
2017-10-25,0.2649006186834807
2017-10-26,0.0734938575161434
2017-10-27,0.011631716612241058
2017-10-30,0.15982443116779016
2017-10-31,0.007657754570395203
2017-11-01,0.045085996171372884
2017-11-02,0.09710991965856981
2017-11-03,0.0039663469241021316
2017-11-06,2.2337753767334526e-05
2017-11-07,8.575374441645025e-06
2017-11-08,7.166502189140722e-05
2017-11-09,0.2169899979267951
2017-11-10,0.04159744554821364
2017-11-13,0.0016126878733748414
2017-11-14,0.026740541763266974
2017-11-15,0.3925663593494191
2017-11-16,0.587087511574401
2017-11-17,0.2136175162323879
2017-11-20,0.07489665356328479
2017-11-21,0.42015649568567376
2017-11-22,0.09542183266019054
2017-11-24,0.010128981074653699
2017-11-27,0.003870088449119807
2017-11-28,1.0920527447610395
2017-11-29,0.16059495967650494
2017-11-30,1.7993386747295537
2017-12-01,0.04102533713993073
2017-12-04,0.042637872450559694
2017-12-05,0.23612670836242883
2017-12-06,0.0395696801331202
2017-12-07,0.06626555742119418
2017-12-08,0.20285339183013207
2017-12-11,0.03959976222100199
2017-12-12,0.20374912397578157
2017-12-13,0.08644408257828413
2017-12-14,0.12056448921928638
2017-12-15,0.2998846643141799
2017-12-18,0.2848109316652916
2017-12-19,0.03446438314766193
2017-12-20,0.021920487694928183
2017-12-21,0.036207616638239785
2017-12-22,0.022037448651612147
2017-12-26,0.004381731314286425
2017-12-27,0.006235959687795908
2017-12-28,0.04854758808099345
2017-12-29,0.2620094835899092
2018-01-02,0.15096497343895873
2018-01-03,0.13119658573261472
2018-01-04,0.331032287430318
2018-01-05,0.708924005757268
2018-01-08,0.007287464570322524
2018-01-09,0.13786131026049242
2018-01-10,0.01003345191800653
2018-01-11,0.5970446166039954
2018-01-12,0.7307755837672295
2018-01-16,0.00555343258971426
2018-01-17,1.462234523548614
2018-01-18,0.16795523434087745
2018-01-19,0.029760119174468382
2018-01-22,0.2621922671530013
2018-01-23,0.002394564582012219
2018-01-24,0.015128525578297471
2018-01-25,0.24993240959973756
2018-01-26,0.6566874984073917
2018-01-29,0.4936012595883515
2018-01-30,2.003258698442416
2018-01-31,0.059126272867127336
2018-02-01,0.01169396782238609
2018-02-02,6.810401611422805
2018-02-05,22.550729159559705
2018-02-06,5.143105529829162
2018-02-07,0.012647544783028047
2018-02-08,18.252326162906527
2018-02-09,1.7980177329687435
2018-02-12,2.714819974591196
2018-02-13,0.015538343915225496
2018-02-14,0.9745975760749267
2018-02-15,1.417889766729449
2018-02-16,0.0016756375887979516
2018-02-20,1.1009765646502423
2018-02-21,0.4978032685733719
2018-02-22,0.39375868007072207
2018-02-23,1.8172334437960067
2018-02-26,2.3432347591287916
2018-02-27,1.452615750402631
2018-02-28,2.3856750149911123
2018-03-01,2.9847635768024228
2018-03-02,0.10438226690173938
2018-03-05,1.7644949186065968
2018-03-06,9.857636355780984e-06
2018-03-07,0.13514016910776958
2018-03-08,0.11779967283656295
2018-03-09,2.956959137945583
2018-03-12,0.4311299819410214
2018-03-13,0.5159024238998845
2018-03-14,1.070866545478382
2018-03-15,0.18585970773807656
2018-03-16,0.0665491635560427
2018-03-19,1.9290067171457435
2018-03-20,0.1911460317512778
2018-03-21,0.046856734817486125
2018-03-22,9.080504300599085
2018-03-23,3.3234629543322245
2018-03-26,7.674617551108831
2018-03-27,2.1601258829775474
2018-03-28,0.005392003363679426
2018-03-29,1.0563923940098237
2018-04-02,3.8291634905173746
2018-04-03,2.5538121426944063
2018-04-04,0.849813883303893
2018-04-05,0.9092053479774597
2018-04-06,5.751725457152546
2018-04-09,0.02526787403709019
2018-04-10,3.021879431153049
2018-04-11,0.8722036320749292
2018-04-12,1.3735196869976407
2018-04-13,0.2891911911624856
2018-04-16,0.6983712525693538
2018-04-17,0.6905225151458049
2018-04-18,0.036164744363267456
2018-04-19,0.13775312588687436
2018-04-20,0.7338142046489075
2018-04-23,0.008602113755498896
2018-04-24,3.1907347785703237
2018-04-25,0.04567171729696382
2018-04-26,0.9043642315427298
2018-04-27,0.006453547387578082
2018-04-30,0.4163793648568136
2018-05-01,0.09006605723536863
2018-05-02,0.5767072448344008
2018-05-03,0.00016570576934361853
2018-05-04,1.8085871517717396
2018-05-07,0.12640086493316652
2018-05-08,0.0005113183453249959
2018-05-09,0.5058062872948131
2018-05-10,0.5851711917161216
2018-05-11,0.11239810226507978
2018-05-14,0.0575811245558674
2018-05-15,0.6603474450866322
2018-05-16,0.04763349031291669
2018-05-17,0.06582972581944359
2018-05-18,0.0008994284193528659
2018-05-21,1.3568689809993806
2018-05-22,0.5657808660034733
2018-05-23,0.031080849792733563
2018-05-24,0.11323451224963783
2018-05-25,0.0735599498555179
2018-05-29,2.65467807637959
2018-05-30,1.4765129846079539
2018-05-31,1.125849771295063
2018-06-01,0.7395777427989824
2018-06-04,0.47251108998731195
2018-06-05,0.00805365545752777
2018-06-06,1.8297200342636222
2018-06-07,0.11742556670535234
2018-06-08,0.06900162360450113
2018-06-11,0.0001356284610391821
2018-06-12,0.0016580603847275333
2018-06-13,0.2577244812287456
2018-06-14,0.018840297992981613
2018-06-15,0.13838819049030082
2018-06-18,0.19880673744613456
2018-06-19,1.4178941505693947
2018-06-20,0.042570571458329286
2018-06-21,0.6938069153884289
2018-06-22,0.203937845428684
2018-06-25,1.8994414788099225
2018-06-26,0.008174367538935178
2018-06-27,0.516151748806886
2018-06-28,0.13908671608035172
2018-06-29,0.03758402208765363
2018-07-02,0.012720544638148104
2018-07-03,0.3369745427633651
2018-07-05,0.5115420458956785
2018-07-06,0.1400122296822565
2018-07-09,1.6025601625227952
2018-07-10,0.29300728290333505
2018-07-11,0.8428007921378482
2018-07-12,0.7570226640313545
2018-07-13,0.11835044313201892
2018-07-16,0.021029921475312473
2018-07-17,0.03490557500921932
2018-07-18,0.07901735333272325
2018-07-19,0.3258208831320579
2018-07-20,0.003592830566060575
2018-07-23,0.0080436625128574
2018-07-24,0.5649420799966093
2018-07-25,0.41634179289372425
2018-07-26,0.16732639805421995
2018-07-27,0.1106791981871573
2018-07-30,0.36335377358571536
2018-07-31,0.1542832077161397
2018-08-01,0.12613317268822719
2018-08-02,0.004188766073320163
2018-08-03,0.25273488105342107
2018-08-06,0.014621832299060672
2018-08-07,0.2127329795494298
2018-08-08,0.044454570084275495
2018-08-09,0.10639409390298606
2018-08-10,0.6498786154430206
2018-08-13,0.2822474258951708
2018-08-14,0.16815651965161624
2018-08-15,0.3357973533363986
2018-08-16,2.335684663098645
2018-08-17,0.1578285985263582
2018-08-20,0.09801381175476476
2018-08-21,0.044995707581015135
2018-08-22,0.1432859123450252
2018-08-23,0.11066470310901459
2018-08-24,0.23424689204787524
2018-08-27,0.9329250317214182
2018-08-28,0.0004286408077620417
2018-08-29,0.03903269144909288
2018-08-30,0.31671272344270474
2018-08-31,0.014293801689569875
2018-09-04,0.006726585950723581
2018-09-05,0.0027266907042735513
2018-09-06,0.0021039917209894417
2018-09-07,0.11567479309508005
2018-09-10,0.0698045149051704
2018-09-11,0.16434861988573965
2018-09-12,0.005290252107205645
2018-09-13,0.28048184470994497
2018-09-14,1.6582342980624121e-06
2018-09-17,0.1512947667273701
2018-09-18,0.45192411063003163
2018-09-19,0.32343771763028223
2018-09-20,0.8324912833728657
2018-09-21,0.0838457631138762
2018-09-24,0.5116126975762099
2018-09-25,0.0886588827140967
2018-09-26,0.19265980223870002
2018-09-27,0.029732489063014324
2018-09-28,0.0012261160035445145
2018-10-01,0.4787932161135826
2018-10-02,0.18059317284855292
2018-10-03,0.02845564975237484
2018-10-04,0.6180613690966174
2018-10-05,0.5103565978215604
2018-10-08,0.013369634064912908
2018-10-09,0.06096947211102703
2018-10-10,10.447736269993184
2018-10-11,4.796596982579565
2018-10-12,1.2215110085407834
2018-10-15,0.15059158660748115
2018-10-16,4.46074922012048
2018-10-17,0.15265983959171767
2018-10-18,1.7307769855207573
2018-10-19,0.048786310269269856
2018-10-22,0.2857757767365632
2018-10-23,0.2844360786298841
2018-10-24,6.138704127066224
2018-10-25,2.509260033253286
2018-10-26,1.5061629275855424
2018-10-29,1.0679292910687623
2018-10-30,2.9458378217356027
2018-10-31,0.8652534797089811
2018-11-01,1.0302874082388067
2018-11-02,0.21945954643451857
2018-11-05,0.515490990547426
2018-11-06,0.41458947555947023
2018-11-07,4.286337084536967
2018-11-08,5.21649181351704e-05
2018-11-09,0.6535290409010865
2018-11-12,5.657465518399538
2018-11-13,0.18652308814296123
2018-11-14,0.7266557926320203
2018-11-15,0.6311877483552083
2018-11-16,0.20653115526116803
2018-11-19,2.5731917378253177
2018-11-20,5.12942879629679
2018-11-21,0.001472033556672548
2018-11-23,0.5894649005562881
2018-11-26,1.9988684583779641
2018-11-27,0.16390456244145246
2018-11-28,5.908617622814011
2018-11-29,0.020535922627333378
2018-11-30,0.5628608674694757
2018-12-03,1.1811329089016445
2018-12-04,10.102935227299472
2018-12-06,0.12407413717280082
2018-12-07,5.287742270270981
2018-12-10,0.011257765925831111
2018-12-11,0.06340395531636094
2018-12-12,0.36942363787727883
2018-12-13,0.06298268808936136
2018-12-14,4.306358767700063
2018-12-17,4.6779437513831486
2018-12-18,0.09939363077184772
2018-12-19,2.3480007273701933
2018-12-20,4.178733874555672
2018-12-21,3.4713715337123734
2018-12-24,8.92637463612566
2018-12-26,23.327471582852823
2018-12-27,1.2037518222087722
2018-12-28,0.1334389473053378
2018-12-31,1.2282962261714354
2019-01-02,0.0021152040663320595
2019-01-03,8.423358600158467
2019-01-04,10.27177177461295
2019-01-07,0.14719851503184142
2019-01-08,1.0982510765765663
2019-01-09,0.12260578082700785
2019-01-10,0.22892690776927202
2019-01-11,0.0035234032302563553
2019-01-14,0.15521572325850558
2019-01-15,0.37799594336462666
2019-01-16,0.3047766979183138
2019-01-17,0.40496666309075946
2019-01-18,1.7845039116660302
2019-01-22,1.5972740709074567
2019-01-23,0.44133782374082375
2019-01-24,0.01577087071015648
2019-01-25,0.5068769352025329
2019-01-28,0.7794460374502479
2019-01-29,0.031060628101751662
2019-01-30,2.956238728145849
2019-01-31,0.009066732526577357
2019-02-01,0.049318455161459475
2019-02-04,0.4398423106802162
2019-02-05,0.41638122706228137
2019-02-06,0.013927451662834872
2019-02-07,0.8240874685519917
2019-02-08,0.0817326117107905
2019-02-11,0.060853705793438316
2019-02-12,2.079388589097179
2019-02-13,0.1820082191570436
2019-02-14,0.19535215653905075
2019-02-15,2.873860460801048
2019-02-19,1.0919159049555203e-05
2019-02-20,0.043684779959787715
2019-02-21,0.18943900836137045
2019-02-22,0.44082630930254507
2019-02-25,0.038523587916340536
2019-02-26,0.02714344284040212
2019-02-27,0.09880043644871365
2019-02-28,0.0905929056556609
2019-03-01,0.15233524693634504
2019-03-04,0.6917736093405593
2019-03-05,0.007210869493167982
2019-03-06,0.30453303948997895
2019-03-07,0.6682223879229221
2019-03-08,0.015568178551267478
2019-03-11,0.5636913049581486
2019-03-12,0.1683470081186321
2019-03-13,0.2958245311902999
2019-03-14,4.982559795710638e-05
2019-03-15,0.2544591550599089
2019-03-18,0.04733068925332177
2019-03-19,0.018944077322212823
2019-03-20,0.34035114300322167
2019-03-21,0.6467888646485233
2019-03-22,3.322934130949662
2019-03-25,0.0005017804999950627
2019-03-26,0.2664499699248481
2019-03-27,0.025543896218877957
2019-03-28,0.10458286131156418
2019-03-29,0.6138272039102172
2019-04-01,1.5109877931176392
2019-04-02,0.11349672677687375
2019-04-03,0.013083594467019823
2019-04-04,0.35828544277069685
2019-04-05,0.014011308010742173
2019-04-08,0.1244362541844785
2019-04-09,0.5777248645459758
2019-04-10,8.686478767158198e-05
2019-04-11,0.007820670702833876
2019-04-12,0.9804242229723197
2019-04-15,0.01925712996357359
2019-04-16,0.04950633937954318
2019-04-17,0.00214171930092161
2019-04-18,0.14481420819518187
2019-04-22,0.04718042201626295
2019-04-23,0.26239711414995953
2019-04-24,0.06622262467522419
2019-04-25,0.2951054884346928
2019-04-26,0.0740348683065319
2019-04-29,5.157928163492984e-05
2019-04-30,0.012204649441971286
2019-05-01,0.4204728507874141
2019-05-02,0.24848072782010028
2019-05-03,0.5071759737807453
2019-05-06,0.08155184653294807
2019-05-07,3.3901637080939357
2019-05-08,0.0006683118876747951
2019-05-09,0.3261456048500924
2019-05-10,0.16480556534865134
2019-05-13,5.968558789985894
2019-05-14,0.6081035613474596
2019-05-15,0.17531042581290981
2019-05-16,0.6383756233257221
2019-05-17,0.17369010103130775
2019-05-20,0.13063605541800316
2019-05-21,0.5349323035323782
2019-05-22,0.18016831210430206
2019-05-23,1.3242428702804316
2019-05-24,0.11449512088482336
2019-05-28,0.9384266700663402
2019-05-29,0.8310220499403221
2019-05-30,0.019148830615510395
2019-05-31,2.1149840647702485
2019-06-03,0.00023650709750889422
2019-06-04,4.036013524950365
2019-06-05,0.6097614176051124
2019-06-06,0.45168446175316934
2019-06-07,0.9681134164045843
2019-06-10,0.07187589035543165
2019-06-11,0.00789656922636993
2019-06-12,0.040927682830632875
2019-06-13,0.12727515990961802
2019-06-14,0.010046356818067766
2019-06-17,0.0028444060219568455
2019-06-18,1.7117621596257737
2019-06-19,0.012263319637953686
2019-06-20,0.8122535095281329
2019-06-21,0.026177296052240815
2019-06-24,9.092203816102581e-06
2019-06-25,0.5007717886676762
2019-06-26,0.005995505940208093
2019-06-27,0.00534002163483582
2019-06-28,0.058452872131952195
2019-07-01,0.1649667713796331
2019-07-02,0.05034617737754624
2019-07-03,0.4003451731677805
2019-07-05,0.03894243913013134
2019-07-08,0.2173447539387066
2019-07-09,0.014163848666516042
2019-07-10,0.06325999975381388
2019-07-11,0.6566478907125621
2019-07-12,0.7431603616545583
2019-07-15,0.004190687011358327
2019-07-16,0.014524530944110181
2019-07-17,0.210619587076218
2019-07-18,0.000529627765385665
2019-07-19,0.08261132239057237
2019-07-22,0.0009417004854983048
2019-07-23,0.3793001227020999
2019-07-24,0.10533673274071473
2019-07-25,0.25868766339668425
2019-07-26,0.024017565146579777
2019-07-29,0.005147384388288786
2019-07-30,0.014453100937765808
2019-07-31,1.6108224701134357
2019-08-01,1.1781399400391908
2019-08-02,0.16431663195989854
2019-08-05,8.846258675243918
2019-08-06,1.370171624894116
2019-08-07,0.014583380723562694
2019-08-08,1.9111080581908861
2019-08-09,0.14372182349617346
2019-08-12,2.3502556830293035
2019-08-13,2.0605156177407817
2019-08-14,9.783447339961723
2019-08-15,0.1275287550850338
2019-08-16,1.3388557537648966
2019-08-19,0.8571337757219085
2019-08-20,0.4899354153604044
2019-08-21,0.7864093302009001
2019-08-22,0.0238058263171207
2019-08-23,5.9416420515342185
2019-08-26,1.0266489021871599
2019-08-27,0.2525101071062578
2019-08-28,0.9257669541610101
2019-08-29,1.4651283860222688
2019-08-30,0.014649794683931686
2019-09-03,1.2560874880837476
2019-09-04,0.7578744306235021
2019-09-05,1.8759874762898328
2019-09-06,0.05040105239869369
2019-09-09,0.011536211674537174
2019-09-10,0.05788726119807563
2019-09-11,0.6525386332747467
2019-09-12,0.017613899086290078
2019-09-13,0.010364008637539892
2019-09-16,0.3137249121433512
2019-09-17,0.008269832092739626
2019-09-18,0.009850547748205173
2019-09-19,0.051658981416493756
2019-09-20,0.39150669369108504
2019-09-23,0.00043671026983109967
2019-09-24,0.3176420162280688
2019-09-25,0.32660670118058344
2019-09-26,0.10891325048885588
2019-09-27,0.08902356423592117
2019-09-30,0.10560894196821961
2019-10-01,1.7422426606369354
2019-10-02,3.6580909281101555
2019-10-03,0.18822478002559082
2019-10-04,1.8985871433886283
2019-10-07,0.15623355669630115
2019-10-08,1.5064656768657565
2019-10-09,0.43377057232007726
2019-10-10,0.28702142142993
2019-10-11,1.3588252439228194
2019-10-14,0.020603764880294577
2019-10-15,0.7191189997430039
2019-10-16,0.01415077063022002
2019-10-17,0.0029154703124197566
2019-10-18,0.9703136794554225
2019-10-21,0.03235073414925354
2019-10-22,0.033115644133340845
2019-10-23,0.018640741180169132
2019-10-24,0.019724987198596847
2019-10-25,0.2840218167665733
2019-10-28,0.20831211575722494
2019-10-29,0.011150958694030686
2019-10-30,0.15230535473681334
2019-10-31,0.3052171434946786
2019-11-01,1.1508014010916752
2019-11-04,0.14764395466620966
2019-11-05,0.005867469160272165
2019-11-06,0.0012065187032504277
2019-11-07,0.3921321108174674
2019-11-08,0.00012574579516769468
2019-11-11,6.464847124635228e-06
2019-11-12,0.0011888171232409944
2019-11-13,0.08854234053099344
2019-11-14,0.001627495931304981
2019-11-15,0.5848341333789647
2019-11-18,0.0059802129285619985
2019-11-19,0.1597424188190709
2019-11-20,0.19322317332809377
2019-11-21,0.05366133373948751
2019-11-22,0.12852134369768872
2019-11-25,0.419698913765261
2019-11-26,0.026255511164089466
2019-11-27,0.013432262558845836
2019-11-29,0.18926461107606915
2019-12-02,0.9916110853344762
2019-12-03,1.0987903174927756
2019-12-04,0.24847757263457948
2019-12-05,0.004458426118462293
2019-12-06,1.3846693280833149
2019-12-09,0.16944196139749668
2019-12-10,0.018068515024237602
2019-12-11,0.005120236660178446
2019-12-12,0.5674727221385389
2019-12-13,0.0005126881381627326
2019-12-16,0.10376155230864613
2019-12-17,0.005806960251018615
2019-12-18,0.017731930724086534
2019-12-19,0.20420433879759498
2019-12-20,0.057824658490384255
2019-12-23,0.09233445542345062
2019-12-24,0.025897636182823584
2019-12-26,0.11313479988766333
2019-12-27,0.00238946722596624
2019-12-30,0.4567007055509597
2019-12-31,0.05439781627253205
2020-01-02,1.2465121146814178
2020-01-03,0.7192161668543288
2020-01-06,0.04180137101390732
2020-01-07,0.20464706984890987
2020-01-08,0.2794452034725017
2020-01-09,0.4895484907634238
2020-01-10,0.24531670743070388
2020-01-13,0.06453464838891058
2020-01-14,0.006130674368892495
2020-01-15,0.07724357214154272
2020-01-16,0.7787736273274525
2020-01-17,0.0189341621306718
2020-01-21,0.30686455424166176
2020-01-22,0.004616749283219428
2020-01-23,0.01543014208057528
2020-01-24,0.3849129070052189
2020-01-27,2.600791955164002
2020-01-28,0.3830001569615865
2020-01-29,3.477726565677931e-05
2020-01-30,0.15964929218994936
2020-01-31,4.611782537283971
2020-02-03,0.22380664758020716
2020-02-04,1.935728464010272
2020-02-05,2.653661366011722
2020-02-06,0.07216566613437966
2020-02-07,0.9656406983454872
2020-02-10,0.31661759825703095
2020-02-11,0.001304680716209924
2020-02-12,0.8113192135163434
2020-02-13,0.2199000853172024
2020-02-14,0.01446389766599413
2020-02-18,0.3604417820628064
2020-02-19,0.13033011195630462
2020-02-20,0.22254367351630566
2020-02-21,0.6664196804651166
2020-02-24,13.37753451981501
2020-02-25,10.434646989236665
2020-02-26,0.24261072192382338
2020-02-27,20.728917152479784
2020-02-28,2.047149448530693
2020-03-02,24.33008520478651
2020-03-03,9.131128103991145
2020-03-04,19.304280356733436
2020-03-05,13.535695829077524
2020-03-06,1.0430338005254125
2020-03-09,66.25959795511329
2020-03-10,22.49624922762023
2020-03-11,36.82570716647411
2020-03-12,111.4649820029311
2020-03-13,79.48978419280745
2020-03-16,192.55145557746448
2020-03-17,25.30490603742245
2020-03-18,42.82683420870862
2020-03-19,0.8230161923170873
2020-03-20,21.97067581507694
2020-03-23,9.71654276670478
2020-03-24,115.12965246069724
2020-03-25,5.434256385421849
2020-03-26,37.772498083693726
2020-03-27,17.456911383266856
2020-03-30,9.658932795060295
2020-03-31,3.569500330751684
2020-04-01,20.963476374081818
2020-04-02,4.772102501414437
2020-04-03,3.0077338758646994
2020-04-06,54.934106948628155
2020-04-07,0.022428396187008228
2020-04-08,11.218883287017615
2020-04-09,1.3871097609233694
2020-04-13,2.0435531302077075
2020-04-14,5.415869523031897
2020-04-15,3.6548230989156294
2020-04-16,0.011497028867078539
2020-04-17,8.502804084475926
2020-04-20,6.285041151630565
2020-04-21,7.514014322087651
2020-04-22,3.72929791471993
2020-04-23,0.017790258913644268
2020-04-24,1.134563844955081
2020-04-27,2.137956407014077
2020-04-28,0.028260830322186736
2020-04-29,4.622893655848307
2020-04-30,1.4666646920839572
2020-05-01,6.878440579296236
2020-05-04,0.005677910656055387
2020-05-05,0.2759887374342271
2020-05-06,0.9088734684303479
2020-05-07,0.7297293514193449
2020-05-08,3.4411884513875446
2020-05-11,0.2350607612887943
2020-05-12,3.76401791714283
2020-05-13,4.986989633353692
2020-05-14,2.482899595870537
2020-05-15,0.04818091689363625
2020-05-18,14.013817540898032
2020-05-19,2.6726513886685144
2020-05-20,2.1861022128100216
2020-05-21,0.2020411266010687
2020-05-22,0.005054055589134565
2020-05-26,4.445906096730675
2020-05-27,4.641703334853751
2020-05-28,0.37699388156271124
2020-05-29,0.010716801373667099
2020-06-01,0.10690192152558485
2020-06-02,1.0213177324030187
2020-06-03,3.971843035775563
2020-06-04,0.00011930062620034493
2020-06-05,9.435082623908205
2020-06-08,2.7334279501296734
2020-06-09,1.274625609492039
2020-06-10,1.1556875191611269
2020-06-11,51.583038759710426
2020-06-12,3.413027522237999
2020-06-15,0.3354819768805686
2020-06-16,3.9591181816376424
2020-06-17,0.46872355224997364
2020-06-18,0.03454338671407073
2020-06-19,0.7017214927065107
2020-06-22,0.31034418707165834
2020-06-23,0.2191655608969911
2020-06-24,7.7679431072084
2020-06-25,1.291121099346069
2020-06-26,8.474417674800852
2020-06-29,5.101206670773563
2020-06-30,0.6561853982390972
2020-07-01,0.11340884878772946
2020-07-02,0.10489721645913908
2020-07-06,2.991679325039222
2020-07-07,2.4201069755146585
2020-07-08,0.4189111530508087
2020-07-09,2.044250999434869
2020-07-10,1.9365007547930488
2020-07-13,3.341601938240729e-05
2020-07-14,4.316060310726859
2020-07-15,0.665575346377146
2020-07-16,0.29118605072760445
2020-07-17,0.07263706248519934
2020-07-20,1.0852144528234898e-06
2020-07-21,0.3154664937760243
2020-07-22,0.336412896573795
2020-07-23,1.8282679861005835
2020-07-24,0.5203440111708619
2020-07-27,0.15886612186638377
2020-07-28,0.6568199970201392
2020-07-29,0.326408765529497
2020-07-30,0.7909967962916103
2020-07-31,0.16028422361809286
2020-08-03,0.7307497979690641
2020-08-04,0.3351847218569382
2020-08-05,1.8128956337934181
2020-08-06,0.41603866868034584
2020-08-07,0.018269712773933102
2020-08-10,1.5924080851407925
2020-08-11,0.16917494886739767
2020-08-12,1.0145491823377508
2020-08-13,0.10321231431094892
2020-08-14,0.007813600145738127
2020-08-17,0.11781947669212767
2020-08-18,0.07552114196434846
2020-08-19,0.1167105458673029
2020-08-20,0.0181046376888734
2020-08-21,0.42285200440128395
2020-08-24,1.716818691760421
2020-08-25,0.06087617782751835
2020-08-26,0.06791620255741959
2020-08-27,0.28078682691641577
2020-08-28,0.2820549250611874
2020-08-31,0.6701981389041584
2020-09-01,0.5199058342138345
2020-09-02,2.3742526725679385
2020-09-03,8.119793112535277
2020-09-04,0.35944665778287416
2020-09-08,5.327189317891059
2020-09-09,2.4065372211500162
2020-09-10,2.243500929701974
2020-09-11,0.19393174374863617
2020-09-14,1.3065051061793003
2020-09-15,0.0006954906132785567
2020-09-16,0.00937349206082911
2020-09-17,0.2507428187417554
2020-09-18,0.8369358029645076
2020-09-21,3.5897124089866868
2020-09-22,0.23199040325949077
2020-09-23,3.9097928290807906
2020-09-24,0.025850279391102852
2020-09-25,1.6735519003518784
2020-09-28,2.141569091170925
2020-09-29,0.26212447674890726
2020-09-30,1.3385651766376843
2020-10-01,0.008491051038356238
2020-10-02,0.2680022408292988
2020-10-05,2.6708083767906374
2020-10-06,1.9011389435680814
2020-10-07,3.4535107128480376
2020-10-08,0.15666469526418175
2020-10-09,0.2826856578764189
2020-10-12,0.7029018017926729
2020-10-13,0.3397354677607614
2020-10-14,0.3773654107749682
2020-10-15,0.010804700894769937
2020-10-16,0.12830862483229796
2020-10-19,2.1941263341795847
2020-10-20,0.13454085370826227
2020-10-21,0.14527630674456135
2020-10-22,0.25586987714891496
2020-10-23,0.017839054014173402
2020-10-26,5.549888871215921
2020-10-27,0.7060631994432666
2020-10-28,12.45672396424952
2020-10-29,0.2390099748568336
2020-10-30,0.3932049821716728
2020-11-02,2.404739653005963
2020-11-03,4.023086066226712
2020-11-04,1.6756321713570956
2020-11-05,3.5908584442259643
2020-11-06,0.0728870451215455
2020-11-09,8.234138566535881
2020-11-10,0.7452658393616138
2020-11-11,0.012920583907131402
2020-11-12,1.254934174426525
2020-11-13,1.770057987869008
2020-11-16,2.4005053373468246
2020-11-17,0.35275168098667425
2020-11-18,1.438481297720474
2020-11-19,0.013835157494076947
2020-11-20,0.6124779524787776
2020-11-23,1.1651559656937487
2020-11-24,2.2240873394001377
2020-11-25,0.3776083357611494
2020-11-27,0.008520729820563499
2020-11-30,0.8970116752451577
2020-12-01,0.346570595892901
2020-12-02,0.02757644818061765
2020-12-03,0.06349874457975477
2020-12-04,0.6273792967718083
2020-12-07,0.27774795630916677
2020-12-08,0.0967772113938478
2020-12-09,0.1469212015290161
2020-12-10,0.07078395796894066
2020-12-11,0.01498977242579352
2020-12-14,0.4244382889462923
2020-12-15,1.1886617298461195
2020-12-16,0.03343140329363932
2020-12-17,0.20963995907424127
2020-12-18,0.19853177264767408
2020-12-21,0.007986264269604988
2020-12-22,0.49238348435502866
2020-12-23,0.11948643347549942
2020-12-24,0.03908867086982933
2020-12-28,0.40842728071877804
2020-12-29,0.06727601923493955
2020-12-30,0.04359798688458781
2020-12-31,0.3733116692207583
2021-01-04,1.6702633552083022
2021-01-05,0.26923203081004377
2021-01-06,1.948190350245362
2021-01-07,0.4224404473610946
2021-01-08,0.022041770178469443
2021-01-11,0.10367681826762142
2021-01-12,0.02522632199436114
2021-01-13,0.003713221495768119
2021-01-14,0.06590315437310765
2021-01-15,0.3697653708703694
2021-01-19,0.11703439706179743
2021-01-20,0.6332087155739441
2021-01-21,0.00549863918505845
2021-01-22,0.37257327189527334
2021-01-25,0.023671024385725877
2021-01-26,0.011809163850599116
2021-01-27,4.429597325204893
2021-01-28,0.9049087584546703
2021-01-29,4.341691885502554
2021-02-01,0.5290494576169626
2021-02-02,2.3328756596770286
2021-02-03,0.006914169073456948
2021-02-04,1.0840203576571403
2021-02-05,0.06893039051712964
2021-02-08,0.5258768610791114
2021-02-09,0.004372091075090145
2021-02-10,0.026515867698959916
2021-02-11,0.003257102039186865
2021-02-12,0.002874684324548241
2021-02-16,0.028854613599495406
2021-02-17,0.0632395031856472
2021-02-18,0.17120963079518764
2021-02-19,0.0009838271117758486
2021-02-22,0.002744174036479803
2021-02-23,0.0002307060204312018
2021-02-24,1.6967562860500858
2021-02-25,3.2458322933939225
2021-02-26,2.375762226838013
2021-03-01,3.5971796272501595
2021-03-02,0.24218401562551836
2021-03-03,0.17812835168325378
2021-03-04,1.3155420193085359
2021-03-05,3.2357470097177115
2021-03-08,0.8701351514029109
2021-03-09,0.0036909972840714726
2021-03-10,1.9979347166702346
2021-03-11,0.2999597262708612
2021-03-12,0.7457546905259985
2021-03-15,0.24744619427311149
2021-03-16,0.17823142837013964
2021-03-17,0.292585157710705
2021-03-18,0.2491914714618703
2021-03-19,0.5626503983795602
2021-03-22,0.07918696052315012
2021-03-23,0.9605634664533477
2021-03-24,0.0019368296765427517
2021-03-25,0.3349508839522941
2021-03-26,1.811477915553054
2021-03-29,0.06910679136188465
2021-03-30,0.12231490820298914
2021-03-31,0.08591225754827478
2021-04-01,0.23488006179940038
2021-04-05,1.182096968667815
2021-04-06,0.10502508934882353
2021-04-07,0.00018064057323663042
2021-04-08,0.018692203321309032
2021-04-09,0.7194089932882203
2021-04-12,0.03917734903478853
2021-04-13,0.05596737774061664
2021-04-14,0.015528794146765624
2021-04-15,0.7498864007687539
2021-04-16,0.20088802560053565
2021-04-19,0.15594256838713674
2021-04-20,0.623328068053518
2021-04-21,0.8019709297879625
2021-04-22,0.9613042164189926
2021-04-23,0.40486779611902346
2021-04-26,0.04688258431613608
2021-04-27,0.0006048570985993672
2021-04-28,0.270236445298472
2021-04-29,0.4523755748953068
2021-04-30,0.3371104588243082
2021-05-03,0.4445702019190726
2021-05-04,0.0005545186636931649
2021-05-05,0.06260077363530198
2021-05-06,0.79350066812731
2021-05-07,0.392918445515947
2021-05-10,0.018225074654172176
2021-05-11,1.9801849104262457
2021-05-12,4.174616764558087
2021-05-13,1.5594141624989628
2021-05-14,1.0405924811861966
2021-05-17,0.037114416193634925
2021-05-18,0.6653563714601274
2021-05-19,0.2693281723461222
2021-05-20,0.26930526079351647
2021-05-21,0.1074292210706898
2021-05-24,0.25825884706228364
2021-05-25,0.07386296235198178
2021-05-26,1.3111795331461744e-05
2021-05-27,0.142274851001059
2021-05-28,0.023527852733448238
2021-06-01,0.00965208217156792
2021-06-02,0.0014442882275948036
2021-06-03,0.010395320784193286
2021-06-04,0.2331745276074861
2021-06-07,0.15848449287600394
2021-06-08,0.01497056666084553
2021-06-09,0.2272703253691987
2021-06-10,0.00043872984001643955
2021-06-11,1.836421682785314e-05
2021-06-14,0.08053225559195357
2021-06-15,0.09572144890062925
2021-06-16,0.6593722990264502
2021-06-17,0.42782722232634823
2021-06-18,2.6372849605003346
2021-06-21,2.934781824588147
2021-06-22,0.028170633813450262
2021-06-23,0.059956337574133725
2021-06-24,0.8341317528743906
2021-06-25,0.4306428703249801
2021-06-28,0.22345692839642559
2021-06-29,6.681174991127236e-05
2021-06-30,0.33256124449078067
2021-07-01,0.11870829028565638
2021-07-02,0.1646734003369598
2021-07-06,0.4058266090430619
2021-07-07,0.07131530550096006
2021-07-08,0.6186889673238529
2021-07-09,1.585788428224731
2021-07-12,0.10644936198123715
2021-07-13,0.11683740660812533
2021-07-14,0.008615534605733466
2021-07-15,0.014251376020651428
2021-07-16,0.7978755266621899
2021-07-19,4.6185947733549115
2021-07-20,2.4707297477019154
2021-07-21,0.6254233977288334
2021-07-22,0.0014705500690281009
2021-07-23,0.4188852877836235
2021-07-26,0.04051301339702079
2021-07-27,0.07777560852074554
2021-07-28,0.1592624488311213
2021-07-29,0.16344731003416227
2021-07-30,0.21183105557969104
2021-08-02,0.09822330507392826
2021-08-03,0.5791329984669398
2021-08-04,0.9227944916793569
2021-08-05,0.5521254329121621
2021-08-06,0.14144958370510122
2021-08-09,0.11416125161296861
2021-08-10,0.183440345419292
2021-08-11,0.3460654734922406
2021-08-12,5.5549501080152095e-05
2021-08-13,8.556969961032114e-05
2021-08-16,0.07552708563856629
2021-08-17,0.6881207478983087
2021-08-18,1.2608539349648036
2021-08-19,0.05065897841888187
2021-08-20,0.3733009622743136
2021-08-23,0.3336573768582984
2021-08-24,0.0026979792580368893
2021-08-25,0.005838123338202307
2021-08-26,0.33561120881626333
2021-08-27,0.4255355486782341
2021-08-30,0.037031948230530125
2021-08-31,0.021030585969744494
2021-09-01,0.029199770065390585
2021-09-02,0.11331507234873738
2021-09-03,0.06029177632505455
2021-09-07,0.6371124249099751
2021-09-08,0.05338557362872902
2021-09-09,0.21943518003544632
2021-09-10,0.6664831825103761
2021-09-13,0.5176347362967175
2021-09-14,0.7666395848275288
2021-09-15,0.42000998651829485
2021-09-16,0.04657185805270346
2021-09-17,0.2647923148259745
2021-09-20,3.337845676812106
2021-09-21,0.033719388063524765
2021-09-22,0.9186422052535416
2021-09-23,2.053978712030734
2021-09-24,0.0037107186685648905
2021-09-27,0.029040203607801924
2021-09-28,2.8252918664501543
2021-09-29,0.05275838754044378
2021-09-30,2.680454552913511
2021-10-01,1.907795679830058
2021-10-04,0.9633121195502621
2021-10-05,0.771193696805156
2021-10-06,0.06929958420410229
2021-10-07,0.8886230534963578
2021-10-08,0.0035390648360425045
2021-10-11,0.5732565792944332
2021-10-12,0.14161341332346533
2021-10-13,0.0012977677532289946
2021-10-14,2.27725004254439
2021-10-15,1.111581773317086
2021-10-18,0.018758450831070566
2021-10-19,0.27824239634843206
2021-10-20,0.1547453344841772
2021-10-21,0.002710791080234044
2021-10-22,0.0299248594225181
2021-10-25,0.02105630697517083
2021-10-26,9.069321421050664e-05
2021-10-27,0.6110567150541244
2021-10-28,0.40817770917157203
2021-10-29,0.04601720993536018
2021-11-01,0.0521604500382852
2021-11-02,0.12335973935526631
2021-11-03,0.0656373851042232
2021-11-04,0.01606567963941654
2021-11-05,0.27865300419240935
2021-11-08,0.06357081901970689
2021-11-09,0.11766889045726739
2021-11-10,0.4866090745515306
2021-11-11,0.22594477047118228
2021-11-12,0.21419519473096924
2021-11-15,0.0049149642727249025
2021-11-16,0.013729895804007856
2021-11-17,0.3849734428037524
2021-11-18,0.040758936725046734
2021-11-19,0.6195702932317578
2021-11-22,0.00019645476967117576
2021-11-23,0.2603348036831632
2021-11-24,0.0036955011249896388
2021-11-26,6.732509937528616
2021-11-29,0.4111211032421357
2021-11-30,3.641257074610602
2021-12-01,1.9109087442230517
2021-12-02,3.1151119142693116
2021-12-03,0.042850946799850326
2021-12-06,3.3091937004633323
2021-12-07,1.8323077548615418
2021-12-08,0.004141507941395594
2021-12-09,0.0012001446809701956
2021-12-10,0.3233573102154951
2021-12-13,0.861509238917485
2021-12-14,0.11183298137247583
2021-12-15,1.0774125797850933
2021-12-16,0.013789372520498888
2021-12-17,2.3351669334254805
2021-12-20,1.6057970530395533
2021-12-21,2.425596897187491
2021-12-22,0.4882208311640681
2021-12-23,0.2642718673178691
2021-12-27,0.8824459323816822
2021-12-28,0.05251235138751834
2021-12-29,0.045636050590577515
2021-12-30,0.08006030777465908
2021-12-31,0.03953988257435057
2022-01-03,0.41252702473761255
2022-01-04,0.3028936654292648
2022-01-05,1.2252311527292323
2022-01-06,0.2543007986586722
2022-01-07,0.002280076591672137
2022-01-10,0.235023482158668
2022-01-11,0.22279362006229766
2022-01-12,0.005057548371644658
2022-01-13,0.27308255475152937
2022-01-14,0.3538739417051923
2022-01-18,2.430560175593861
2022-01-19,0.9998497559452956
2022-01-20,0.8701015227944899
2022-01-21,1.7936333294375852
2022-01-24,0.0647197373435044
2022-01-25,0.05242552824271133
2022-01-26,0.17071888243014705
2022-01-27,0.0031216390994683973
2022-01-28,2.5761393479570875
2022-01-31,1.2746892183061629
2022-02-01,0.5485768918227112
2022-02-02,0.35575820008576226
2022-02-03,2.2484647439744827
2022-02-04,0.009122051436066331
2022-02-07,0.0009312416807743581
2022-02-08,1.0384787850061874
2022-02-09,0.6767947810097698
2022-02-10,2.3022461949903774
2022-02-11,2.1714473616842667
2022-02-14,0.28144672762194195
2022-02-15,1.3944880661371557
2022-02-16,0.03631535808280588
2022-02-17,3.3551310145959143
2022-02-18,0.5118284634431615
2022-02-22,2.1334322042129745
2022-02-23,2.038484870968405
2022-02-24,0.059056289691733786
2022-02-25,5.990182457476509
2022-02-28,0.2740542728215165
2022-03-01,3.2890831085688634
2022-03-02,3.03085921604182
2022-03-03,0.1025185300952846
2022-03-04,0.32275230348278344
2022-03-07,5.930706507178849
2022-03-08,0.358798415100556
2022-03-09,3.7972652344995588
2022-03-10,0.1384312471240463
2022-03-11,0.5326646804932333
2022-03-14,0.0009797873674998688
2022-03-15,3.124626042931884
2022-03-16,2.250539865543159
2022-03-17,1.402332498758318
2022-03-18,0.5738204946455404
2022-03-21,0.38095778338454545
2022-03-22,0.489010463684483
2022-03-23,1.7761186311673611
2022-03-24,0.9553668077357094
2022-03-25,0.1650186692976992
2022-03-28,0.05601011117841513
2022-03-29,0.8624112344304165
2022-03-30,0.048356865006106996
2022-03-31,2.5899585391693116
2022-04-01,0.13555837513814364
2022-04-04,0.0689854278885141
2022-04-05,0.7081540693003582
2022-04-06,0.20518378755001748
2022-04-07,0.04733762873932295
2022-04-08,0.1313818718718962
2022-04-11,1.5158856533598815
2022-04-12,0.08438224732413066
2022-04-13,0.9339638500700774
2022-04-14,0.1317560066255227
2022-04-18,0.022294477168822005
2022-04-19,1.978666158065855
2022-04-20,0.45955520106641673
2022-04-21,1.1809034869961303
2022-04-22,8.384605521648272
2022-04-25,0.44507993995576656
2022-04-26,5.953413347710506
2022-04-27,0.02283652519394301
2022-04-28,3.217811949913491
2022-04-29,8.080627081730045
2022-05-02,0.048749367086436256
2022-05-03,0.028507245075298886
2022-05-04,7.511599936917783
2022-05-05,10.274294744058787
2022-05-06,0.11137283741726793
2022-05-09,4.167174076510077
2022-05-10,0.08898335421481675
2022-05-11,1.1136405223606156
2022-05-12,0.13039639645260925
2022-05-13,2.029441879309516
2022-05-16,0.002361934273983605
2022-05-17,1.6762780674747375
2022-05-18,13.438051001305228
2022-05-19,0.6237053108490199
2022-05-20,4.1261026463593005e-05
2022-05-23,3.702345914726975
2022-05-24,0.013725940353339057
2022-05-25,0.3180997056790761
2022-05-26,2.4398571873535686
2022-05-27,2.9388170164665595
2022-05-31,0.5008146403308489
2022-06-01,0.32731512914852456
2022-06-02,1.645185828669235
2022-06-03,1.1846909382514512
2022-06-06,0.00020709599010446597
2022-06-07,0.5859159541370416
2022-06-08,0.7212175554401573
2022-06-09,3.9697467816361183
2022-06-10,7.834963447870747
2022-06-13,8.206860134098878
2022-06-14,0.2846384800008483
2022-06-15,0.9229826970666501
2022-06-16,6.159522005588004
2022-06-17,0.026409145460640486
2022-06-21,4.363949199200217
2022-06-22,0.035696193432085015
2022-06-23,0.3608004338782798
2022-06-24,6.832696870713207
2022-06-27,0.05420981779216056
2022-06-28,2.590380482432569
2022-06-29,0.0534404324792977
2022-06-30,0.7328074550624153
2022-07-01,1.0116896437447986
2022-07-05,0.2039322861684709
2022-07-06,0.03642513530180869
2022-07-07,1.1597192186204799
2022-07-08,0.03328191323064244
2022-07-11,0.31379416767014934
2022-07-12,0.42762461771647137
2022-07-13,0.503920001940383
2022-07-14,0.24901610721341294
2022-07-15,4.373401494776107
2022-07-18,0.5272253447543788
2022-07-19,5.5909008177331865
2022-07-20,0.01335422911579251
2022-07-21,0.22340789384729004
2022-07-22,0.21617337212751722
2022-07-25,0.06230313880111994
2022-07-26,0.5644927069177755
2022-07-27,1.766430666759379
2022-07-28,0.9830723040205848
2022-07-29,0.8662520084328679
2022-08-01,0.03127794647686745
2022-08-02,1.608908278178571
2022-08-03,1.5436930739483794
2022-08-04,0.08758035661185769
2022-08-05,0.03978179144684631
2022-08-08,0.002926935314962292
2022-08-09,0.04480959816413569
2022-08-10,2.512278381743954
2022-08-11,0.0022114717720362618
2022-08-12,1.5141187944515309
2022-08-15,0.17051644045518122
2022-08-16,0.44819679237436155
2022-08-17,0.28995448179540373
2022-08-18,0.00042405671799947153
2022-08-19,0.8062759958233577
2022-08-22,3.8452447836086625
2022-08-23,0.25139747696238657
2022-08-24,0.021486408180695814
2022-08-25,0.8819179148852687
2022-08-26,9.673450506883155
2022-08-29,0.36886161295045555
2022-08-30,0.9980510364665893
2022-08-31,0.8473781811264073
2022-09-01,0.18297730522347863
2022-09-02,1.2273798005144692
2022-09-06,0.3467396301946541
2022-09-07,1.8377460747458991
2022-09-08,0.33124467950331354
2022-09-09,1.3124402217183462
2022-09-12,0.45858186127679257
2022-09-13,16.4507160573476
2022-09-14,0.0038818578092994493
2022-09-15,0.3511064480363492
2022-09-16,0.2359326784113582
2022-09-19,0.36417540189391234
2022-09-20,1.1027190624783298
2022-09-21,3.0644961757804943
2022-09-22,0.1520495167747053
2022-09-23,2.770418737614841
2022-09-26,1.3331065083893245
2022-09-27,0.21659935729762858
2022-09-28,3.3543084975272457
2022-09-29,2.5277384521674215
2022-09-30,3.0992125748478223
2022-10-03,6.734575683372983
2022-10-04,7.431062982500061
2022-10-05,0.03048684064492959
2022-10-06,1.409127658239959
2022-10-07,4.676808645648925
2022-10-10,0.12640513665385206
2022-10-11,0.008059690072996709
2022-10-12,0.017279209318577394
2022-10-13,7.618839312825697
2022-10-14,1.9270077355778545
2022-10-17,3.2678278700497
2022-10-18,1.1641660026266252
2022-10-19,0.1314774214044485
2022-10-20,0.10986981428537027
2022-10-21,5.7823133965163835
2022-10-24,1.6857789199132525
2022-10-25,1.0610501592356787
2022-10-26,0.0007310520450204548
2022-10-27,0.32892053987316094
2022-10-28,6.345753984872862
2022-10-31,0.18262913704683728
2022-11-01,0.07751480384831844
2022-11-02,2.5423858901960097
2022-11-03,0.24133592554247257
2022-11-04,1.473326332194655
2022-11-07,1.5999044531625202
2022-11-08,0.955147304913131
2022-11-09,4.018097307563824
2022-11-10,12.916945980171485
2022-11-11,0.003823544916862443
2022-11-14,0.43843512412089897
2022-11-15,0.01769580345165765
2022-11-16,0.02277743724311401
2022-11-17,0.003232736487677633
2022-11-18,0.3114505155407855
2022-11-21,0.028606864222825323
2022-11-22,1.2974883907312882
2022-11-23,0.06078203509498663
2022-11-25,0.16965275587977932
2022-11-28,2.231231261021107
2022-11-29,0.000645624761085311
2022-11-30,4.494142543981192
2022-12-01,0.3589455700377616
2022-12-02,0.004467883462594718
2022-12-05,2.0926735106726833
2022-12-06,1.151573895057665
2022-12-07,0.0008862766556888222
2022-12-08,0.26048047976537086
2022-12-09,0.886421536035449
2022-12-12,2.347451696346303
2022-12-13,0.07275046029922047
2022-12-14,0.20477078230590465
2022-12-15,5.335390122922787
2022-12-16,0.7862578739608356
2022-12-19,0.2815399427044583
2022-12-20,0.06080414094880357
2022-12-21,2.42203989099925
2022-12-22,1.1785433558584115
2022-12-23,0.24832758364849444
2022-12-27,0.006206803892116757
2022-12-28,1.302231202096098
2022-12-29,1.0195549307673517
2022-12-30,0.06559974071330256
2023-01-03,0.004529902501745007
2023-01-04,0.13489950576403692
2023-01-05,1.1251876378330334
2023-01-06,4.2871294538056715
2023-01-09,0.13759045247049337
2023-01-10,0.27067323788037817
2023-01-11,0.577920174739081
2023-01-12,0.3625317475943048
2023-01-13,0.08669164159016332
2023-01-17,1.3997611915296522
2023-01-18,3.464709758895467
2023-01-19,0.6326628870327872
2023-01-20,0.9254523478163977
2023-01-23,0.5240111229774571
2023-01-24,0.0758936552393982
2023-01-25,2.7027149144373826e-05
2023-01-26,0.32819266000144165
2023-01-27,0.002492839199661468
2023-01-30,0.648914358199091
2023-01-31,1.1105514899713973
2023-02-01,0.00020090855248117528
2023-02-02,0.02219956219976913
2023-02-03,0.16880135146713054
2023-02-06,0.01895443480524614
2023-02-07,0.5570603337197255
2023-02-08,0.4151942730250772
2023-02-09,0.5944860095787954
2023-02-10,0.2180015322935745
2023-02-13,1.1480746128710058
2023-02-14,0.2430342510288866
2023-02-15,0.006275794974618391
2023-02-16,1.7056449899144726
2023-02-17,0.12256844177253397
2023-02-21,4.48089883146526
2023-02-22,0.08402117058222261
2023-02-23,0.08660560846192675
2023-02-24,1.1153814710797951
2023-02-27,0.034295396545844424
2023-02-28,0.5529055461599532
2023-03-01,0.0003511522194264485
2023-03-02,1.0127474531559462
2023-03-03,1.28253983696059
2023-03-06,0.007509221847055591
2023-03-07,3.130494447136857
2023-03-08,0.044669320341608997
2023-03-09,2.9089922758260665
2023-03-10,1.2332822950687126
2023-03-13,0.1014393961153325
2023-03-14,1.0338017046367687
2023-03-15,0.8311386664058155
2023-03-16,1.2673737935755016
2023-03-17,1.523351616575089
2023-03-20,1.343678124903754
2023-03-21,0.8851412726460737
2023-03-22,2.8127886434412788
2023-03-23,0.03993592599819022
2023-03-24,0.14189682900631495
2023-03-27,0.3217143143868183
2023-03-28,0.02285881452466379
2023-03-29,0.9191857019000378
2023-03-30,0.15750510607059356
2023-03-31,1.4906820243393288
2023-04-03,0.8901321510236673
2023-04-04,0.3941223134204985
2023-04-05,0.04233442305177156
2023-04-06,0.0007184001344812247
2023-04-10,0.07149098645852375
2023-04-11,0.0663988803866373
2023-04-12,0.021966969251607165
2023-04-13,1.2055137720323912
2023-04-14,0.20815764528885797
2023-04-17,0.06879134565361367
2023-04-18,0.004293848265646121
2023-04-19,0.07240591979954286
2023-04-20,0.13008677194635684
2023-04-21,0.000999780582058889
2023-04-24,0.0261910528377497
2023-04-25,1.1169478160416162
2023-04-26,0.5178912389043995
2023-04-27,2.3335909573018787
2023-04-28,0.587394090279067
2023-05-01,0.029182402417125476
2023-05-02,1.2512678912815285
2023-05-03,0.7058362126935893
2023-05-04,0.8020906333356976
2023-05-05,2.566897473072505
2023-05-08,0.039994659686292906
2023-05-09,0.04154360844155289
2023-05-10,0.015709965894621713
2023-05-11,0.4874788579651237
2023-05-12,0.0037422264325427655
2023-05-15,0.011990223127480916
2023-05-16,1.099402591519464
2023-05-17,1.429785816108957
2023-05-18,0.09575734832818635
2023-05-19,0.13023054716987376
2023-05-22,0.20642400135777342
2023-05-23,0.5344673230824186
2023-05-24,0.6572312860824016
2023-05-25,0.02018455477808451
2023-05-26,0.9287281860283265
2023-05-30,0.0351081859109827
2023-05-31,0.19571209131876627
2023-06-01,0.18514243908239716
2023-06-02,4.2609581527172535
2023-06-05,0.39478392063420475
2023-06-06,1.1780260828543726e-05
2023-06-07,0.05683266003522132
2023-06-08,0.21627840495210857
2023-06-09,0.008656440142009964
2023-06-12,0.27403113371349547
2023-06-13,0.15411556397232154
2023-06-14,0.5144401188362728
2023-06-15,1.4868541073797823
2023-06-16,0.12361277939454408
2023-06-20,0.5656254373458086
2023-06-21,0.1125532715759874
2023-06-22,0.0023661753445455578
2023-06-23,0.465849709592766
2023-06-26,0.005212369785770992
2023-06-27,0.35098309624576457
2023-06-28,0.06404203406072544
2023-06-29,0.5764341501066378
2023-06-30,0.6364883738061767
2023-07-03,8.413085297528237e-06
2023-07-05,0.17007150370918808
2023-07-06,1.2293105413582417
2023-07-07,0.3462139115304338
2023-07-10,0.34184709208739344
2023-07-11,0.8012678009623876
2023-07-12,0.04675982114173544
2023-07-13,0.01088500981236632
2023-07-14,0.08767398819774451
2023-07-17,0.03475874590962827
2023-07-18,1.0401267623582808
2023-07-19,0.07711427239551806
2023-07-20,0.18670597943972886
2023-07-21,0.0007479687659077384
2023-07-24,0.23541729823382324
2023-07-25,0.0017027773519126552
2023-07-26,0.03872473695835673
2023-07-27,0.4971419408456609
2023-07-28,0.21596179043039543
2023-07-31,0.061414003611333756
2023-08-01,0.02735831181843394
2023-08-02,1.0331104511763682
2023-08-03,0.049953018886011995
2023-08-04,0.21353795785807272
2023-08-07,1.2565268619781709
2023-08-08,0.2329951666096477
2023-08-09,0.33312365371492964
2023-08-10,0.013387440354642179
2023-08-11,0.06984521912749397
2023-08-14,0.0015871940112600715
2023-08-15,1.1296837881748945
2023-08-16,0.30554510192760104
2023-08-17,0.7652267109132449
2023-08-18,0.0016340057805944615
2023-08-21,0.020076176481742862
2023-08-22,0.29501720661464037
2023-08-23,0.25114727597352704
2023-08-24,1.263421931010787
2023-08-25,0.47423869080024905
2023-08-28,0.3410402169762953
2023-08-29,0.6542595243198773
2023-08-30,0.005365419972322296
2023-08-31,0.2684247759522792
2023-09-01,0.08908739209306066
2023-09-05,0.35752307103612313
2023-09-06,0.3720228981204553
2023-09-07,0.01753938927041437
2023-09-08,0.03428310963991957
2023-09-11,0.047172346025619434
2023-09-12,0.0073345942962165945
2023-09-13,0.05666734103337598
2023-09-14,0.8463044382141663
2023-09-15,0.7490290805015409
2023-09-18,0.0002879237305653337
2023-09-19,0.1174737156259572
2023-09-20,0.06623992259551738
2023-09-21,1.2453170045507325
2023-09-22,0.12096357469496923
2023-09-25,0.008493612960075544
2023-09-26,1.397085185849468
2023-09-27,0.05700999347086737
2023-09-28,0.09664831036687063
2023-09-29,0.25745662909198513
2023-10-02,0.06554291759777113
2023-10-03,1.7739834160923633
2023-10-04,0.12258525629261098
2023-10-05,0.004174367376959254
2023-10-06,0.6911621376244957
2023-10-09,0.3065667761498189
2023-10-10,0.13352864415568513
2023-10-11,0.025496484400715516
2023-10-12,0.30219840159281275
2023-10-13,0.006700796997416476
2023-10-16,0.800144054437146
2023-10-17,1.6710607126740515e-05
2023-10-18,1.0353282772589933
2023-10-19,0.6124185131897912
2023-10-20,0.804207201151808
2023-10-23,0.37493634756348915
2023-10-24,0.3432893394865068
2023-10-25,0.12472652993724027
2023-10-26,0.6385246545050909
2023-10-27,1.3440660981348092
2023-10-30,2.342913314917549
2023-10-31,0.11635598109122011
2023-11-01,0.40201429802203015
2023-11-02,2.7151835949853895
2023-11-03,0.3845679545328585
2023-11-06,0.004471862956896343
2023-11-07,0.01737177593631246
2023-11-08,0.023299762400779377
2023-11-09,0.46575883799777756
2023-11-10,1.2388814565528097
2023-11-13,0.015662506911461822
2023-11-14,1.9097509379793596
2023-11-15,0.18827761651854963
2023-11-16,0.027320631435679553
2023-11-17,0.0008580628298754785
2023-11-20,0.29906793460226166
2023-11-21,0.04543467238435393
2023-11-22,0.24073374941312345
2023-11-24,0.0882096955057687
2023-11-27,0.03793313152285863
2023-11-28,0.04064050908188034
2023-11-29,1.2009290339292811e-05
2023-11-30,2.0272746375241817
2023-12-01,0.6109900947119338
2023-12-04,0.021851516690777385
2023-12-05,0.06521214434749646
2023-12-06,0.05234886242310723
2023-12-07,0.019589780591137872
2023-12-08,0.10638681737055154
2023-12-11,0.15830475801313598
2023-12-12,0.19328123462433658
2023-12-13,1.8397283780366718
2023-12-14,0.15280924653170222
2023-12-15,0.01390456763450717
2023-12-18,0.0010352704075674932
2023-12-19,0.40766146448171414
2023-12-20,1.7154294152845149
2023-12-21,0.6906575058724407
2023-12-22,0.006995230559727681
2023-12-26,0.15277887508888233
2023-12-27,0.06824401129607566
2023-12-28,0.011601691141508745
2023-12-29,0.007924903851953734
2024-01-02,0.0010993154153950046
2024-01-03,0.6282283439990239
2024-01-04,5.4315865637747685e-05
2024-01-05,0.0011782295326144474
2024-01-08,0.2946110764530001
2024-01-09,0.20634507313556635
2024-01-10,0.17559453017416188
2024-01-11,3.6865363093105767e-05
2024-01-12,0.12108979996682355
2024-01-16,0.42660685678287885
2024-01-17,0.08271383108846446
2024-01-18,0.2559646597389003
2024-01-19,1.0296647543166078
2024-01-22,0.10846679392768734
2024-01-23,0.08315522841995236
2024-01-24,0.08770603061538078
2024-01-25,0.36666002732384095
2024-01-26,0.015345435480207332
2024-01-29,0.3042979345473117
2024-01-30,0.09866497168296395
2024-01-31,0.7430273714633957
2024-02-01,0.8639693262049716
2024-02-02,0.09878167305395379
2024-02-05,0.5574598231505945
2024-02-06,0.11078502456645624
2024-02-07,0.1366582067226393
2024-02-08,0.008473018238604794
2024-02-09,0.030857494912559104
2024-02-12,0.08410312932978084
2024-02-13,1.948628368388229
2024-02-14,0.1300563059880578
2024-02-15,0.7557137810854546
2024-02-16,0.16768572847069418
2024-02-20,0.04031494314298133
2024-02-21,0.008289283083457753
2024-02-22,1.303716550606117
2024-02-23,0.015666587080951856
2024-02-26,0.03756415558886584
2024-02-27,0.0798650794982364
2024-02-28,0.008933211150342249
2024-02-29,0.007581219598943998
2024-03-01,0.03943158255531289
2024-03-04,0.08086187403172095
2024-03-05,1.1614430107098879
2024-03-06,0.02622134640137727
2024-03-07,0.09119664111762375
2024-03-08,0.04478923492658402
2024-03-11,0.007524248841734359
2024-03-12,0.3271363092419649
2024-03-13,0.003901916870294914
2024-03-14,0.15029995768263563
2024-03-15,0.2770305062263365
2024-03-18,0.025843698119381177
2024-03-19,0.6208358839832121
2024-03-20,0.9732273380147594
2024-03-21,0.4155429091324544
2024-03-22,0.6485423120076683
2024-03-25,0.19923398821321364
2024-03-26,0.013032252342972995
2024-03-27,1.379169021423781
2024-03-28,0.007122676846058294
2024-04-01,0.4102664878963248
2024-04-02,1.0856071456674767
2024-04-03,0.020899425752101148
2024-04-04,1.9563910306691292
2024-04-05,0.574448439338749
2024-04-08,0.004015830956646539
